{"attachments":[{"filePath":"197026bca58.9611a1fef89e849c.jpg","mimetype":"image/jpeg"}],"color":"DEFAULT","isTrashed":false,"isPinned":false,"isArchived":true,"textContent":"The fact that you trust me and feel safe with me which allows you to be comfortable around me and share all your thoughts, has been one of those reasons why I started trusting you a lot more, because as far as I know, it's not easy for men to express themselves but you've done that with me 🥺\n\nAnd I really feel at ease, knowing that I am that important to you.🥺","title":"","userEditedTimestampUsec":1748327878164000,"createdTimestampUsec":1748092319348000,"textContentHtml":"<p dir=\"ltr\" style=\"line-height:1.38;margin-top:0.0pt;margin-bottom:0.0pt;\"><span style=\"font-size:7.2pt;font-family:'Google Sans';color:#000000;background-color:transparent;font-weight:400;font-style:normal;font-variant:normal;text-decoration:none;vertical-align:baseline;white-space:pre;white-space:pre-wrap;\">The fact that you trust me and feel safe with me which allows you to be comfortable around me and share all your thoughts, has been one of those reasons why I started trusting you a lot more, because as far as I know, it's not easy for men to express themselves but you've done that with me 🥺<\/span><\/p><br /><p dir=\"ltr\" style=\"line-height:1.38;margin-top:0.0pt;margin-bottom:0.0pt;\"><span style=\"font-size:7.2pt;font-family:'Google Sans';color:#000000;background-color:transparent;font-weight:400;font-style:normal;font-variant:normal;text-decoration:none;vertical-align:baseline;white-space:pre;white-space:pre-wrap;\">And I really feel at ease, knowing that I am that important to you.🥺<\/span><\/p>","labels":[{"name":"Reasons ❤️\u200d🩹"}]}