{"attachments":[{"filePath":"1970264af28.ab2eb47895c74ef1.jpg","mimetype":"image/jpeg"}],"color":"DEFAULT","isTrashed":false,"isPinned":false,"isArchived":true,"textContent":"Ever since we started talking you never played hard to get, we never came across \"Why should I text first\" phase. Instead you've texted me whenever you could, phele toh I misunderstood a lot of things but now I know it all 🤧 And I'm so sorry for all those times.\n\nI feel so happy whenever I receive your texts saying you love me or miss me, or asking me my whereabouts especially when you're busy with things, it makes me feel that you haven't forgotten about me, I'm still there 🥺 And I just love you Umair 😭🩷","title":"","userEditedTimestampUsec":1748327878206000,"createdTimestampUsec":1748091846167000,"textContentHtml":"<p dir=\"ltr\" style=\"line-height:1.38;margin-top:0.0pt;margin-bottom:0.0pt;\"><span style=\"font-size:7.2pt;font-family:'Google Sans';color:#000000;background-color:transparent;font-weight:400;font-style:normal;font-variant:normal;text-decoration:none;vertical-align:baseline;white-space:pre;white-space:pre-wrap;\">Ever since we started talking you never played hard to get, we never came across &quot;Why should I text first&quot; phase. Instead you've texted me whenever you could, phele toh I misunderstood a lot of things but now I know it all 🤧 And I'm so sorry for all those times.<\/span><\/p><br /><p dir=\"ltr\" style=\"line-height:1.38;margin-top:0.0pt;margin-bottom:0.0pt;\"><span style=\"font-size:7.2pt;font-family:'Google Sans';color:#000000;background-color:transparent;font-weight:400;font-style:normal;font-variant:normal;text-decoration:none;vertical-align:baseline;white-space:pre;white-space:pre-wrap;\">I feel so happy whenever I receive your texts saying you love me or miss me, or asking me my whereabouts especially when you're busy with things, it makes me feel that you haven't forgotten about me, I'm still there 🥺 And I just love you Umair 😭🩷<\/span><\/p>","labels":[{"name":"Reasons ❤️\u200d🩹"}]}