{"attachments":[{"filePath":"1970270f8c1.a948e5a6a44eeac7.jpg","mimetype":"image/jpeg"}],"color":"DEFAULT","isTrashed":false,"isPinned":false,"isArchived":true,"textContent":"You're literally the calmest person I've ever come across, YOU'RE!!! atleast with me 🥺 We've been together for long time now, and never have you once raised your voice infront of me 🤧 I love how you sound while talking to me, it's just so relaxing listening to your voice especially when you're all lovey dovey 🤭 \nAnd the fact that only I get to see this side of yours, makes me feel that I'm the luckiest girl on this planet 😭🩷\n\nI feel soooooo at peace when I see you trying your best for us 🥺🩷 I love you Umair.😭","title":"","userEditedTimestampUsec":1748498687726000,"createdTimestampUsec":1748092682076000,"textContentHtml":"<p dir=\"ltr\" style=\"line-height:1.38;margin-top:0.0pt;margin-bottom:0.0pt;\"><span style=\"font-size:7.2pt;font-family:'Google Sans';color:#000000;background-color:transparent;font-weight:400;font-style:normal;font-variant:normal;text-decoration:none;vertical-align:baseline;white-space:pre;white-space:pre-wrap;\">You're literally the calmest person I've ever come across, YOU'RE!!! atleast with me 🥺 We've been together for long time now, and never have you once raised your voice infront of me 🤧 I love how you sound while talking to me, it's just so relaxing listening to your voice especially when you're all lovey dovey 🤭&nbsp;<\/span><\/p><p dir=\"ltr\" style=\"line-height:1.38;margin-top:0.0pt;margin-bottom:0.0pt;\"><span style=\"font-size:7.2pt;font-family:'Google Sans';color:#000000;background-color:transparent;font-weight:400;font-style:normal;font-variant:normal;text-decoration:none;vertical-align:baseline;white-space:pre;white-space:pre-wrap;\">And the fact that only I get to see this side of yours, makes me feel that I'm the luckiest girl on this planet 😭🩷<\/span><\/p><br /><p dir=\"ltr\" style=\"line-height:1.38;margin-top:0.0pt;margin-bottom:0.0pt;\"><span style=\"font-size:7.2pt;font-family:'Google Sans';color:#000000;background-color:transparent;font-weight:400;font-style:normal;font-variant:normal;text-decoration:none;vertical-align:baseline;white-space:pre;white-space:pre-wrap;\">I feel soooooo at peace when I see you trying your best for us 🥺🩷 I love you Umair.😭<\/span><\/p>","labels":[{"name":"Reasons ❤️\u200d🩹"}]}