{"attachments":[{"filePath":"19701818660.a2bbd5368aba42a0.jpg","mimetype":"image/jpeg"}],"color":"DEFAULT","isTrashed":false,"isPinned":false,"isArchived":true,"textContent":"I like how you're keen to always know about things, I'm not like that 🥹 I mean I can't sit there and watch an informative video 😭 but you do that and I'm sure it helps in many ways. (I'll try to become more like you) 🤧\nYou always try to do better not just in your studies and work, but also in our relationship you've been trying a lot to make things better between us and I really appreciate those efforts Umair. 🥺🩷","title":"","userEditedTimestampUsec":1748502298330000,"createdTimestampUsec":1748076957428000,"textContentHtml":"<p dir=\"ltr\" style=\"line-height:1.38;margin-top:0.0pt;margin-bottom:0.0pt;\"><span style=\"font-size:7.2pt;font-family:'Google Sans';color:#000000;background-color:transparent;font-weight:400;font-style:normal;font-variant:normal;text-decoration:none;vertical-align:baseline;white-space:pre;white-space:pre-wrap;\">I like how you're keen to always know about things, I'm not like that 🥹 I mean I can't sit there and watch an informative video 😭 but you do that and I'm sure it helps in many ways. (I'll try to become more like you) 🤧<\/span><\/p><p dir=\"ltr\" style=\"line-height:1.38;margin-top:0.0pt;margin-bottom:0.0pt;\"><span style=\"font-size:7.2pt;font-family:'Google Sans';color:#000000;background-color:transparent;font-weight:400;font-style:normal;font-variant:normal;text-decoration:none;vertical-align:baseline;white-space:pre;white-space:pre-wrap;\">You always try to do better not just in your studies and work, but also in our relationship you've been trying a lot to make things better between us and I really appreciate those efforts Umair. 🥺🩷<\/span><\/p>","labels":[{"name":"Reasons ❤️\u200d🩹"}]}