{"attachments":[{"filePath":"197026d1003.b630f742efa20e00.jpg","mimetype":"image/jpeg"}],"color":"DEFAULT","isTrashed":false,"isPinned":false,"isArchived":true,"textContent":"You understand me in ways, no one ever did! \nYou make me feel like you're my person...You get me when I don\u2019t even make sense. That's one more reason I keep falling for you more and more day by day. 🥺","title":"","userEditedTimestampUsec":1748327879277000,"createdTimestampUsec":1748092395170000,"textContentHtml":"<p dir=\"ltr\" style=\"line-height:1.38;margin-top:0.0pt;margin-bottom:0.0pt;\"><span style=\"font-size:7.2pt;font-family:'Google Sans';color:#000000;background-color:transparent;font-weight:400;font-style:normal;font-variant:normal;text-decoration:none;vertical-align:baseline;white-space:pre;white-space:pre-wrap;\">You understand me in ways, no one ever did!&nbsp;<\/span><\/p><p dir=\"ltr\" style=\"line-height:1.38;margin-top:0.0pt;margin-bottom:0.0pt;\"><span style=\"font-size:7.2pt;font-family:'Google Sans';color:#000000;background-color:transparent;font-weight:400;font-style:normal;font-variant:normal;text-decoration:none;vertical-align:baseline;white-space:pre;white-space:pre-wrap;\">You make me feel like you're my person...You get me when I don&rsquo;t even make sense. That's one more reason I keep falling for you more and more day by day. 🥺<\/span><\/p>","labels":[{"name":"Reasons ❤️\u200d🩹"}]}