{"attachments":[{"filePath":"19782c5c7c7.b7f5dcc2f5ee0811.png","mimetype":"image/png"}],"color":"DEFAULT","isTrashed":false,"isPinned":false,"isArchived":true,"textContent":"Hey there Umair! 🥺\n\nLike you said, the bond which we share is special, it doesn't come easily to everyone. Sometimes life gives us something so rare and beautiful that it almost feels unreal (especially after we've had gone through a lot in the past.) That\u2019s what you are to me. 🥺\n\nI know things haven\u2019t been perfect. We\u2019ve had moments of doubt, anger, anxiety, overthinking, and tears. But despite that, one thing remains clear in my heart that I love you. And I\u2019m not giving up on us. \n\nRelationships aren\u2019t easy, especially for me that too when distance, differences, and fears come in the way. But I believe that if two people are willing to try, like really try, then love can still win. And I am willing. I want us to keep choosing each other, even on the days it feels hard. 🥺 \n\nLet this be a reminder for both of us, We\u2019re not alone in this. We\u2019ve got each other, and more importantly, we\u2019ve got God walking with us through every challenge and every beautiful moment. So let\u2019s be patient. Let\u2019s be honest. Let\u2019s heal where it hurts and grow stronger together. \n\nWe may not have all the answers now, but we have a chance, and that\u2019s something worth holding on to.🩷\n\n\nHere's a Prayer for Us 🤧\n\nHeavenly Father,\nWe come before You with open hearts, asking You to bless our relationship. Be the center of our love, the healer of our wounds, and the guide for our future. Strengthen the bond we share and help us trust each other the way You call us to. Teach us to love with grace, to forgive quickly, and to communicate with gentleness and truth.\nIf this relationship is Your will, Lord, then help us protect it, nurture it, and grow within it. And if we ever lose our way, please show us the path that leads back to You and to each other.\nIn Jesus\u2019 name, Amen.\n\n\n","title":"","userEditedTimestampUsec":1750357153974000,"createdTimestampUsec":1750245754857000,"textContentHtml":"<p dir=\"ltr\" style=\"line-height:1.38;margin-top:0.0pt;margin-bottom:0.0pt;\"><span style=\"font-size:7.2pt;font-family:'Google Sans';color:#000000;background-color:transparent;font-weight:400;font-style:normal;font-variant:normal;text-decoration:none;vertical-align:baseline;white-space:pre;white-space:pre-wrap;\">Hey there Umair! 🥺<\/span><\/p><br /><p dir=\"ltr\" style=\"line-height:1.38;margin-top:0.0pt;margin-bottom:0.0pt;\"><span style=\"font-size:7.2pt;font-family:'Google Sans';color:#000000;background-color:transparent;font-weight:400;font-style:normal;font-variant:normal;text-decoration:none;vertical-align:baseline;white-space:pre;white-space:pre-wrap;\">Like you said, the bond which we share is special, it doesn't come easily to everyone. Sometimes life gives us something so rare and beautiful that it almost feels unreal (especially after we've had gone through a lot in the past.) That&rsquo;s what you are to me. 🥺<\/span><\/p><br /><p dir=\"ltr\" style=\"line-height:1.38;margin-top:0.0pt;margin-bottom:0.0pt;\"><span style=\"font-size:7.2pt;font-family:'Google Sans';color:#000000;background-color:transparent;font-weight:400;font-style:normal;font-variant:normal;text-decoration:none;vertical-align:baseline;white-space:pre;white-space:pre-wrap;\">I know things haven&rsquo;t been perfect. We&rsquo;ve had moments of doubt, anger, anxiety, overthinking, and tears. But despite that, one thing remains clear in my heart that I love you. And I&rsquo;m not giving up on us.&nbsp;<\/span><\/p><br /><p dir=\"ltr\" style=\"line-height:1.38;margin-top:0.0pt;margin-bottom:0.0pt;\"><span style=\"font-size:7.2pt;font-family:'Google Sans';color:#000000;background-color:transparent;font-weight:400;font-style:normal;font-variant:normal;text-decoration:none;vertical-align:baseline;white-space:pre;white-space:pre-wrap;\">Relationships aren&rsquo;t easy, especially for me that too when distance, differences, and fears come in the way. But I believe that if two people are willing to try, like really try, then love can still win. And I am willing. I want us to keep choosing each other, even on the days it feels hard. 🥺&nbsp;<\/span><\/p><br /><p dir=\"ltr\" style=\"line-height:1.38;margin-top:0.0pt;margin-bottom:0.0pt;\"><span style=\"font-size:7.2pt;font-family:'Google Sans';color:#000000;background-color:transparent;font-weight:400;font-style:normal;font-variant:normal;text-decoration:none;vertical-align:baseline;white-space:pre;white-space:pre-wrap;\">Let this be a reminder for both of us, We&rsquo;re not alone in this. We&rsquo;ve got each other, and more importantly, we&rsquo;ve got God walking with us through every challenge and every beautiful moment. So let&rsquo;s be patient. Let&rsquo;s be honest. Let&rsquo;s heal where it hurts and grow stronger together.&nbsp;<\/span><\/p><br /><p dir=\"ltr\" style=\"line-height:1.38;margin-top:0.0pt;margin-bottom:0.0pt;\"><span style=\"font-size:7.2pt;font-family:'Google Sans';color:#000000;background-color:transparent;font-weight:400;font-style:normal;font-variant:normal;text-decoration:none;vertical-align:baseline;white-space:pre;white-space:pre-wrap;\">We may not have all the answers now, but we have a chance, and that&rsquo;s something worth holding on to.🩷<\/span><\/p><br /><br /><p dir=\"ltr\" style=\"line-height:1.38;margin-top:0.0pt;margin-bottom:0.0pt;\"><span style=\"font-size:7.2pt;font-family:'Google Sans';color:#000000;background-color:transparent;font-weight:400;font-style:normal;font-variant:normal;text-decoration:none;vertical-align:baseline;white-space:pre;white-space:pre-wrap;\">Here's a Prayer for Us 🤧<\/span><\/p><br /><p dir=\"ltr\" style=\"line-height:1.38;margin-top:0.0pt;margin-bottom:0.0pt;\"><span style=\"font-size:7.2pt;font-family:'Google Sans';color:#000000;background-color:transparent;font-weight:400;font-style:normal;font-variant:normal;text-decoration:none;vertical-align:baseline;white-space:pre;white-space:pre-wrap;\">Heavenly Father,<\/span><\/p><p dir=\"ltr\" style=\"line-height:1.38;margin-top:0.0pt;margin-bottom:0.0pt;\"><span style=\"font-size:7.2pt;font-family:'Google Sans';color:#000000;background-color:transparent;font-weight:400;font-style:normal;font-variant:normal;text-decoration:none;vertical-align:baseline;white-space:pre;white-space:pre-wrap;\">We come before You with open hearts, asking You to bless our relationship. Be the center of our love, the healer of our wounds, and the guide for our future. Strengthen the bond we share and help us trust each other the way You call us to. Teach us to love with grace, to forgive quickly, and to communicate with gentleness and truth.<\/span><\/p><p dir=\"ltr\" style=\"line-height:1.38;margin-top:0.0pt;margin-bottom:0.0pt;\"><span style=\"font-size:7.2pt;font-family:'Google Sans';color:#000000;background-color:transparent;font-weight:400;font-style:normal;font-variant:normal;text-decoration:none;vertical-align:baseline;white-space:pre;white-space:pre-wrap;\">If this relationship is Your will, Lord, then help us protect it, nurture it, and grow within it. And if we ever lose our way, please show us the path that leads back to You and to each other.<\/span><\/p><p dir=\"ltr\" style=\"line-height:1.38;margin-top:0.0pt;margin-bottom:0.0pt;\"><span style=\"font-size:7.2pt;font-family:'Google Sans';color:#000000;background-color:transparent;font-weight:400;font-style:normal;font-variant:normal;text-decoration:none;vertical-align:baseline;white-space:pre;white-space:pre-wrap;\">In Jesus&rsquo; name, Amen.<\/span><\/p><br /><br />","labels":[{"name":"Notes 👉🏻👈🏻"}]}