{"attachments":[{"filePath":"197026c820c.94a8ce5dc7486f31.jpg","mimetype":"image/jpeg"}],"color":"DEFAULT","isTrashed":false,"isPinned":false,"isArchived":true,"textContent":"All my life I've had major trust issues and you're the only person who has been able to gain my trust to this extent and made me believe in love! The kind of love which makes me feel at ease! And that too despite the distance between us. 🤧🥺 \n\nYou've always been honest about your feelings without any fail and I'd be an idiot if I refuse to admit that this too has been a reason why I can't stop loving you more and more by each passing day.🥺🩷","title":"","userEditedTimestampUsec":1748327878147000,"createdTimestampUsec":1748092382525000,"textContentHtml":"<p dir=\"ltr\" style=\"line-height:1.38;margin-top:0.0pt;margin-bottom:0.0pt;\"><span style=\"font-size:7.2pt;font-family:'Google Sans';color:#000000;background-color:transparent;font-weight:400;font-style:normal;font-variant:normal;text-decoration:none;vertical-align:baseline;white-space:pre;white-space:pre-wrap;\">All my life I've had major trust issues and you're the only person who has been able to gain my trust to this extent and made me believe in love! The kind of love which makes me feel at ease! And that too despite the distance between us. 🤧🥺&nbsp;<\/span><\/p><br /><p dir=\"ltr\" style=\"line-height:1.38;margin-top:0.0pt;margin-bottom:0.0pt;\"><span style=\"font-size:7.2pt;font-family:'Google Sans';color:#000000;background-color:transparent;font-weight:400;font-style:normal;font-variant:normal;text-decoration:none;vertical-align:baseline;white-space:pre;white-space:pre-wrap;\">You've always been honest about your feelings without any fail and I'd be an idiot if I refuse to admit that this too has been a reason why I can't stop loving you more and more by each passing day.🥺🩷<\/span><\/p>","labels":[{"name":"Reasons ❤️\u200d🩹"}]}