{"attachments":[{"filePath":"197026494f4.886cac568e789ca9.jpg","mimetype":"image/jpeg"}],"color":"DEFAULT","isTrashed":false,"isPinned":false,"isArchived":true,"textContent":"God I don't know where do I start from 😭 I've said it a thousand times before and yet would say again I'M LITERALLY IN LOVE WITH YOUR VOICE UMAIR 😩🩷\n\nEver since the day we started talking, I've liked your voice but now it has a different kind of affect on me 🥺 your voice... it has the power to lift up my mood, to calm me down, to make me feel at ease, to make me wet, everything!!!!! 😩😭 \n\nOh how do I explain it to you, there are times when I act a bit weird and that's when I want to listen to your voice the most 🥺 I love hearing to you 😭🩷","title":"","userEditedTimestampUsec":1748502167868000,"createdTimestampUsec":1748091846591000,"textContentHtml":"<p dir=\"ltr\" style=\"line-height:1.38;margin-top:0.0pt;margin-bottom:0.0pt;\"><span style=\"font-size:7.2pt;font-family:'Google Sans';color:#000000;background-color:transparent;font-weight:400;font-style:normal;font-variant:normal;text-decoration:none;vertical-align:baseline;white-space:pre;white-space:pre-wrap;\">God I don't know where do I start from 😭 I've said it a thousand times before and yet would say again I'M LITERALLY IN LOVE WITH YOUR VOICE UMAIR 😩🩷<\/span><\/p><br /><p dir=\"ltr\" style=\"line-height:1.38;margin-top:0.0pt;margin-bottom:0.0pt;\"><span style=\"font-size:7.2pt;font-family:'Google Sans';color:#000000;background-color:transparent;font-weight:400;font-style:normal;font-variant:normal;text-decoration:none;vertical-align:baseline;white-space:pre;white-space:pre-wrap;\">Ever since the day we started talking, I've liked your voice but now it has a different kind of affect on me 🥺 your voice... it has the power to lift up my mood, to calm me down, to make me feel at ease, to make me wet, everything!!!!! 😩😭&nbsp;<\/span><\/p><br /><p dir=\"ltr\" style=\"line-height:1.38;margin-top:0.0pt;margin-bottom:0.0pt;\"><span style=\"font-size:7.2pt;font-family:'Google Sans';color:#000000;background-color:transparent;font-weight:400;font-style:normal;font-variant:normal;text-decoration:none;vertical-align:baseline;white-space:pre;white-space:pre-wrap;\">Oh how do I explain it to you, there are times when I act a bit weird and that's when I want to listen to your voice the most 🥺 I love hearing to you 😭🩷<\/span><\/p>","labels":[{"name":"Reasons ❤️\u200d🩹"}]}