{"attachments":[{"filePath":"19702604188.a646ddd15b9ccbfb.jpg","mimetype":"image/jpeg"}],"color":"DEFAULT","isTrashed":false,"isPinned":false,"isArchived":true,"textContent":"I really like how you show your willingness for us to end up together. Despite the uncertainties, you act so sure about us.(As in about us being happy and content together). There were times when I used to think it was all just flattery, but over time, you've made me believe in the love you have for me.🥺\n\nI hope and pray for your dreams about us to come true cause I really need you by my side. 😭🩷","title":"","userEditedTimestampUsec":1748328273371000,"createdTimestampUsec":1748091578559000,"textContentHtml":"<p dir=\"ltr\" style=\"line-height:1.38;margin-top:0.0pt;margin-bottom:0.0pt;\"><span style=\"font-size:7.2pt;font-family:'Google Sans';color:#000000;background-color:transparent;font-weight:400;font-style:normal;font-variant:normal;text-decoration:none;vertical-align:baseline;white-space:pre;white-space:pre-wrap;\">I really like how you show your willingness for us to end up together. Despite the uncertainties, you act so sure about us.(As in about us being happy and content together). There were times when I used to think it was all just flattery, but over time, you've made me believe in the love you have for me.🥺<\/span><\/p><br /><p dir=\"ltr\" style=\"line-height:1.38;margin-top:0.0pt;margin-bottom:0.0pt;\"><span style=\"font-size:7.2pt;font-family:'Google Sans';color:#000000;background-color:transparent;font-weight:400;font-style:normal;font-variant:normal;text-decoration:none;vertical-align:baseline;white-space:pre;white-space:pre-wrap;\">I hope and pray for your dreams about us to come true cause I really need you by my side. 😭🩷<\/span><\/p>","labels":[{"name":"Reasons ❤️\u200d🩹"}]}