{"attachments":[{"filePath":"197025b291f.a418ba701451c6b5.jpg","mimetype":"image/jpeg"}],"color":"DEFAULT","isTrashed":false,"isPinned":false,"isArchived":true,"textContent":"I love when you show this side of ours, it feels like you know that I belong to you and you want that what's yours, it's taken care of! 🤧\n\nEarlier I wasn't like this, I didn't like giving or receiving updates or being babied 🤧 but with you I want to be taken care of, to take care of you as well 🥺 \n","title":"","userEditedTimestampUsec":1748418064728000,"createdTimestampUsec":1748091279142000,"textContentHtml":"<p dir=\"ltr\" style=\"line-height:1.38;margin-top:0.0pt;margin-bottom:0.0pt;\"><span style=\"font-size:7.2pt;font-family:'Google Sans';color:#000000;background-color:transparent;font-weight:400;font-style:normal;font-variant:normal;text-decoration:none;vertical-align:baseline;white-space:pre;white-space:pre-wrap;\">I love when you show this side of ours, it feels like you know that I belong to you and you want that what's yours, it's taken care of! 🤧<\/span><\/p><br /><p dir=\"ltr\" style=\"line-height:1.38;margin-top:0.0pt;margin-bottom:0.0pt;\"><span style=\"font-size:7.2pt;font-family:'Google Sans';color:#000000;background-color:transparent;font-weight:400;font-style:normal;font-variant:normal;text-decoration:none;vertical-align:baseline;white-space:pre;white-space:pre-wrap;\">Earlier I wasn't like this, I didn't like giving or receiving updates or being babied 🤧 but with you I want to be taken care of, to take care of you as well 🥺&nbsp;<\/span><\/p>","labels":[{"name":"Reasons ❤️\u200d🩹"}]}