{"attachments":[{"filePath":"19702621c7c.9f62451bfc2c08cf.jpg","mimetype":"image/jpeg"}],"color":"DEFAULT","isTrashed":false,"isPinned":false,"isArchived":true,"textContent":"How do you even manage to be this patient with someone like me!? 😭 \nI mean I know how irritating I behave at times 😭 but you still bear with it and not just that you try to understand the reason behind my behaviour, you try to fix it and all of that shows how genuine your feelings are for me. 🥺 \n\nThank you Umair, for trying for me 🥺🩷","title":"","userEditedTimestampUsec":1748453040694000,"createdTimestampUsec":1748091716533000,"textContentHtml":"<p dir=\"ltr\" style=\"line-height:1.38;margin-top:0.0pt;margin-bottom:0.0pt;\"><span style=\"font-size:7.2pt;font-family:'Google Sans';color:#000000;background-color:transparent;font-weight:400;font-style:normal;font-variant:normal;text-decoration:none;vertical-align:baseline;white-space:pre;white-space:pre-wrap;\">How do you even manage to be this patient with someone like me!? 😭&nbsp;<\/span><\/p><p dir=\"ltr\" style=\"line-height:1.38;margin-top:0.0pt;margin-bottom:0.0pt;\"><span style=\"font-size:7.2pt;font-family:'Google Sans';color:#000000;background-color:transparent;font-weight:400;font-style:normal;font-variant:normal;text-decoration:none;vertical-align:baseline;white-space:pre;white-space:pre-wrap;\">I mean I know how irritating I behave at times 😭 but you still bear with it and not just that you try to understand the reason behind my behaviour, you try to fix it and all of that shows how genuine your feelings are for me. 🥺&nbsp;<\/span><\/p><br /><p dir=\"ltr\" style=\"line-height:1.38;margin-top:0.0pt;margin-bottom:0.0pt;\"><span style=\"font-size:7.2pt;font-family:'Google Sans';color:#000000;background-color:transparent;font-weight:400;font-style:normal;font-variant:normal;text-decoration:none;vertical-align:baseline;white-space:pre;white-space:pre-wrap;\">Thank you Umair, for trying for me 🥺🩷<\/span><\/p>","labels":[{"name":"Reasons ❤️\u200d🩹"}]}