{"attachments":[{"filePath":"19701823a97.9b162332598e02a3.jpg","mimetype":"image/jpeg"}],"color":"DEFAULT","isTrashed":false,"isPinned":false,"isArchived":true,"textContent":"I used to think I'm the most optimistic person until I met you 👀 The kind of energy you give off is the kind I was always looking for! 🤧\nYou make life seem so easy, like we do have problems but you make me feel that it's okay, things will get better, you'll be there with me, to listen, to help, to not judge, to support me 🥹 and I feel so blessed having you by my side! 🥺🩷\n","title":"","userEditedTimestampUsec":1748418401372000,"createdTimestampUsec":1748077042673000,"textContentHtml":"<p dir=\"ltr\" style=\"line-height:1.38;margin-top:0.0pt;margin-bottom:0.0pt;\"><span style=\"font-size:7.2pt;font-family:'Google Sans';color:#000000;background-color:transparent;font-weight:400;font-style:normal;font-variant:normal;text-decoration:none;vertical-align:baseline;white-space:pre;white-space:pre-wrap;\">I used to think I'm the most optimistic person until I met you 👀 The kind of energy you give off is the kind I was always looking for! 🤧<\/span><\/p><p dir=\"ltr\" style=\"line-height:1.38;margin-top:0.0pt;margin-bottom:0.0pt;\"><span style=\"font-size:7.2pt;font-family:'Google Sans';color:#000000;background-color:transparent;font-weight:400;font-style:normal;font-variant:normal;text-decoration:none;vertical-align:baseline;white-space:pre;white-space:pre-wrap;\">You make life seem so easy, like we do have problems but you make me feel that it's okay, things will get better, you'll be there with me, to listen, to help, to not judge, to support me 🥹 and I feel so blessed having you by my side! 🥺🩷<\/span><\/p>","labels":[{"name":"Reasons ❤️\u200d🩹"}]}