{"attachments":[{"filePath":"19702647643.b40b76d2f4117359.jpg","mimetype":"image/jpeg"}],"color":"DEFAULT","isTrashed":false,"isPinned":false,"isArchived":true,"textContent":"I like how you keep your words, I don't expect from you to make any big promises but I've seen how you make sure to keep the small ones 🤧 \nI don't have to remind you twice of things I don't like or something I wanted you to do for me 🥺 \n\nYou make sure that I'm heard and that's more than I can ask for! 🥺🩷","title":"","userEditedTimestampUsec":1748498907549000,"createdTimestampUsec":1748091837699000,"textContentHtml":"<p dir=\"ltr\" style=\"line-height:1.38;margin-top:0.0pt;margin-bottom:0.0pt;\"><span style=\"font-size:7.2pt;font-family:'Google Sans';color:#000000;background-color:transparent;font-weight:400;font-style:normal;font-variant:normal;text-decoration:none;vertical-align:baseline;white-space:pre;white-space:pre-wrap;\">I like how you keep your words, I don't expect from you to make any big promises but I've seen how you make sure to keep the small ones 🤧&nbsp;<\/span><\/p><p dir=\"ltr\" style=\"line-height:1.38;margin-top:0.0pt;margin-bottom:0.0pt;\"><span style=\"font-size:7.2pt;font-family:'Google Sans';color:#000000;background-color:transparent;font-weight:400;font-style:normal;font-variant:normal;text-decoration:none;vertical-align:baseline;white-space:pre;white-space:pre-wrap;\">I don't have to remind you twice of things I don't like or something I wanted you to do for me 🥺&nbsp;<\/span><\/p><br /><p dir=\"ltr\" style=\"line-height:1.38;margin-top:0.0pt;margin-bottom:0.0pt;\"><span style=\"font-size:7.2pt;font-family:'Google Sans';color:#000000;background-color:transparent;font-weight:400;font-style:normal;font-variant:normal;text-decoration:none;vertical-align:baseline;white-space:pre;white-space:pre-wrap;\">You make sure that I'm heard and that's more than I can ask for! 🥺🩷<\/span><\/p>","labels":[{"name":"Reasons ❤️\u200d🩹"}]}