{"attachments":[{"filePath":"197026d4b58.bcb0828acc1e1178.jpg","mimetype":"image/jpeg"}],"color":"DEFAULT","isTrashed":false,"isPinned":false,"isArchived":true,"textContent":"Your calmness (with me) has to be the no. 1 reason why I love you this muchh! The way you handle my nakhare and nataks, that too so calmly... is something that makes my heart melt! 😭 \nI love how you're never rude to me even when I test your patience 😭🩷","title":"","userEditedTimestampUsec":1748327879303000,"createdTimestampUsec":1748092409440000,"textContentHtml":"<p dir=\"ltr\" style=\"line-height:1.38;margin-top:0.0pt;margin-bottom:0.0pt;\"><span style=\"font-size:7.2pt;font-family:'Google Sans';color:#000000;background-color:transparent;font-weight:400;font-style:normal;font-variant:normal;text-decoration:none;vertical-align:baseline;white-space:pre;white-space:pre-wrap;\">Your calmness (with me) has to be the no. 1 reason why I love you this muchh! The way you handle my nakhare and nataks, that too so calmly... is something that makes my heart melt! 😭&nbsp;<\/span><\/p><p dir=\"ltr\" style=\"line-height:1.38;margin-top:0.0pt;margin-bottom:0.0pt;\"><span style=\"font-size:7.2pt;font-family:'Google Sans';color:#000000;background-color:transparent;font-weight:400;font-style:normal;font-variant:normal;text-decoration:none;vertical-align:baseline;white-space:pre;white-space:pre-wrap;\">I love how you're never rude to me even when I test your patience 😭🩷<\/span><\/p>","labels":[{"name":"Reasons ❤️\u200d🩹"}]}