{"attachments":[{"filePath":"197026cf176.9187db91303caac1.jpg","mimetype":"image/jpeg"}],"color":"DEFAULT","isTrashed":false,"isPinned":false,"isArchived":true,"textContent":"You care about me, about my feelings and you do your best not to hurt me! \nYou've been trying a lot to change yourself for me, for us, and that's what really matters and makes me proud and happy for having been blessed with someone like you! 🥺🩷","title":"","userEditedTimestampUsec":1748327879292000,"createdTimestampUsec":1748092389338000,"textContentHtml":"<p dir=\"ltr\" style=\"line-height:1.38;margin-top:0.0pt;margin-bottom:0.0pt;\"><span style=\"font-size:7.2pt;font-family:'Google Sans';color:#000000;background-color:transparent;font-weight:400;font-style:normal;font-variant:normal;text-decoration:none;vertical-align:baseline;white-space:pre;white-space:pre-wrap;\">You care about me, about my feelings and you do your best not to hurt me!&nbsp;<\/span><\/p><p dir=\"ltr\" style=\"line-height:1.38;margin-top:0.0pt;margin-bottom:0.0pt;\"><span style=\"font-size:7.2pt;font-family:'Google Sans';color:#000000;background-color:transparent;font-weight:400;font-style:normal;font-variant:normal;text-decoration:none;vertical-align:baseline;white-space:pre;white-space:pre-wrap;\">You've been trying a lot to change yourself for me, for us, and that's what really matters and makes me proud and happy for having been blessed with someone like you! 🥺🩷<\/span><\/p>","labels":[{"name":"Reasons ❤️\u200d🩹"}]}