{"attachments":[{"filePath":"197026d325a.a9ecc1d048ac916d.jpg","mimetype":"image/jpeg"}],"color":"DEFAULT","isTrashed":false,"isPinned":false,"isArchived":true,"textContent":"I love how you're so consistent with things, not just our relationship but with your work, your things, you make sure to handle everything...that's something which shows your dedication towards something you put your heart,mind and soul into, and I really want to learn that quality of yours! 🤧🩷 ","title":"","userEditedTimestampUsec":1748327879341000,"createdTimestampUsec":1748092408907000,"textContentHtml":"<p dir=\"ltr\" style=\"line-height:1.38;margin-top:0.0pt;margin-bottom:0.0pt;\"><span style=\"font-size:7.2pt;font-family:'Google Sans';color:#000000;background-color:transparent;font-weight:400;font-style:normal;font-variant:normal;text-decoration:none;vertical-align:baseline;white-space:pre;white-space:pre-wrap;\">I love how you're so consistent with things, not just our relationship but with your work, your things, you make sure to handle everything...that's something which shows your dedication towards something you put your heart,mind and soul into, and I really want to learn that quality of yours! 🤧🩷 <\/span><\/p>","labels":[{"name":"Reasons ❤️\u200d🩹"}]}