{"attachments":[{"filePath":"19701805b6b.9aa24f063bd313d1.jpg","mimetype":"image/jpeg"}],"color":"DEFAULT","isTrashed":false,"isPinned":false,"isArchived":true,"textContent":"I love how you love me 😭 and you're vocal about it, you never played games, never played hard to get, you've always said it out loud that how much you're into me! 🥺 \nI never thought a man could be this expressive, and I never knew that it would make me fall so deeply in love with you 🥺 it's like your love is a need for me now 🤧 cause for a fact I just know that I'd never find someone as loving as you are! 🥺🩷","title":"","userEditedTimestampUsec":1748502184705000,"createdTimestampUsec":1748076880902000,"textContentHtml":"<p dir=\"ltr\" style=\"line-height:1.38;margin-top:0.0pt;margin-bottom:0.0pt;\"><span style=\"font-size:7.2pt;font-family:'Google Sans';color:#000000;background-color:transparent;font-weight:400;font-style:normal;font-variant:normal;text-decoration:none;vertical-align:baseline;white-space:pre;white-space:pre-wrap;\">I love how you love me 😭 and you're vocal about it, you never played games, never played hard to get, you've always said it out loud that how much you're into me! 🥺&nbsp;<\/span><\/p><p dir=\"ltr\" style=\"line-height:1.38;margin-top:0.0pt;margin-bottom:0.0pt;\"><span style=\"font-size:7.2pt;font-family:'Google Sans';color:#000000;background-color:transparent;font-weight:400;font-style:normal;font-variant:normal;text-decoration:none;vertical-align:baseline;white-space:pre;white-space:pre-wrap;\">I never thought a man could be this expressive, and I never knew that it would make me fall so deeply in love with you 🥺 it's like your love is a need for me now 🤧 cause for a fact I just know that I'd never find someone as loving as you are! 🥺🩷<\/span><\/p>","labels":[{"name":"Reasons ❤️\u200d🩹"}]}