{"attachments":[{"filePath":"197026c5f9c.a6c2e9d577656091.jpg","mimetype":"image/jpeg"}],"color":"DEFAULT","isTrashed":false,"isPinned":false,"isArchived":true,"textContent":"Though we've been in a couple of arguments before you've always come back to me, you believe in us and you believe in God, that with prayer and patience hopefully we'd make it. 🥺\n\nI like that you've promised, that you won't give up easily on us and I'll do the same, cause WE HAVE TO END UP TOGETHER UMAIR! 😭🩷","title":"","userEditedTimestampUsec":1748501895947000,"createdTimestampUsec":1748092355389000,"textContentHtml":"<p dir=\"ltr\" style=\"line-height:1.38;margin-top:0.0pt;margin-bottom:0.0pt;\"><span style=\"font-size:7.2pt;font-family:'Google Sans';color:#000000;background-color:transparent;font-weight:400;font-style:normal;font-variant:normal;text-decoration:none;vertical-align:baseline;white-space:pre;white-space:pre-wrap;\">Though we've been in a couple of arguments before you've always come back to me, you believe in us and you believe in God, that with prayer and patience hopefully we'd make it. 🥺<\/span><\/p><br /><p dir=\"ltr\" style=\"line-height:1.38;margin-top:0.0pt;margin-bottom:0.0pt;\"><span style=\"font-size:7.2pt;font-family:'Google Sans';color:#000000;background-color:transparent;font-weight:400;font-style:normal;font-variant:normal;text-decoration:none;vertical-align:baseline;white-space:pre;white-space:pre-wrap;\">I like that you've promised, that you won't give up easily on us and I'll do the same, cause WE HAVE TO END UP TOGETHER UMAIR! 😭🩷<\/span><\/p>","labels":[{"name":"Reasons ❤️\u200d🩹"}]}