{"attachments":[{"filePath":"197025c2b70.a1f4c6306e284661.jpg","mimetype":"image/jpeg"}],"color":"DEFAULT","isTrashed":false,"isPinned":false,"isArchived":true,"textContent":"You're so good with words, earlier I used to think that you didn't mean any of it, but eventually after I started knowing you inside out, I realised that it's just your way of expressing your feelings for me 🤧\n\nEven now I call you out saying \"dialoguebazzi kam\" but I like it 🤧 I just keep on pretending but I really like listening to you say all of that 😩🩷","title":"","userEditedTimestampUsec":1748358176595000,"createdTimestampUsec":1748091287218000,"textContentHtml":"<p dir=\"ltr\" style=\"line-height:1.38;margin-top:0.0pt;margin-bottom:0.0pt;\"><span style=\"font-size:7.2pt;font-family:'Google Sans';color:#000000;background-color:transparent;font-weight:400;font-style:normal;font-variant:normal;text-decoration:none;vertical-align:baseline;white-space:pre;white-space:pre-wrap;\">You're so good with words, earlier I used to think that you didn't mean any of it, but eventually after I started knowing you inside out, I realised that it's just your way of expressing your feelings for me 🤧<\/span><\/p><br /><p dir=\"ltr\" style=\"line-height:1.38;margin-top:0.0pt;margin-bottom:0.0pt;\"><span style=\"font-size:7.2pt;font-family:'Google Sans';color:#000000;background-color:transparent;font-weight:400;font-style:normal;font-variant:normal;text-decoration:none;vertical-align:baseline;white-space:pre;white-space:pre-wrap;\">Even now I call you out saying &quot;dialoguebazzi kam&quot; but I like it 🤧 I just keep on pretending but I really like listening to you say all of that 😩🩷<\/span><\/p>","labels":[{"name":"Reasons ❤️\u200d🩹"}]}