{"attachments":[{"filePath":"197025f2c99.b87bdfc69ebd3756.jpg","mimetype":"image/jpeg"}],"color":"DEFAULT","isTrashed":false,"isPinned":false,"isArchived":true,"textContent":"When you remember small details 🥺 when you're interested in my unnecessary yapping...where I keep complaining about my life, my friends, my relatives or my colleagues 😭 \nWhen you show interest in my things which has nothing to do with you 🥺 \nWhen you send me voice notes even when someone might hear you 🤧 when you make sure to update me 🥺 when you try to call or text me even when you're with your friends 😭 when you listen to my each and every request 🥺🩷 you've never said no for anything that I've asked 🥺 there are a lot more, which I'm not able to recall at the moment and I'm so sorry for that 🤧\n\nGod! How did I even manage to pull someone like you 😭🩷 you're the best my love 🥺 ","title":"","userEditedTimestampUsec":1748329330810000,"createdTimestampUsec":1748091486979000,"textContentHtml":"<p dir=\"ltr\" style=\"line-height:1.38;margin-top:0.0pt;margin-bottom:0.0pt;\"><span style=\"font-size:7.2pt;font-family:'Google Sans';color:#000000;background-color:transparent;font-weight:400;font-style:normal;font-variant:normal;text-decoration:none;vertical-align:baseline;white-space:pre;white-space:pre-wrap;\">When you remember small details 🥺 when you're interested in my unnecessary yapping...where I keep complaining about my life, my friends, my relatives or my colleagues 😭&nbsp;<\/span><\/p><p dir=\"ltr\" style=\"line-height:1.38;margin-top:0.0pt;margin-bottom:0.0pt;\"><span style=\"font-size:7.2pt;font-family:'Google Sans';color:#000000;background-color:transparent;font-weight:400;font-style:normal;font-variant:normal;text-decoration:none;vertical-align:baseline;white-space:pre;white-space:pre-wrap;\">When you show interest in my things which has nothing to do with you 🥺&nbsp;<\/span><\/p><p dir=\"ltr\" style=\"line-height:1.38;margin-top:0.0pt;margin-bottom:0.0pt;\"><span style=\"font-size:7.2pt;font-family:'Google Sans';color:#000000;background-color:transparent;font-weight:400;font-style:normal;font-variant:normal;text-decoration:none;vertical-align:baseline;white-space:pre;white-space:pre-wrap;\">When you send me voice notes even when someone might hear you 🤧 when you make sure to update me 🥺 when you try to call or text me even when you're with your friends 😭 when you listen to my each and every request 🥺🩷 you've never said no for anything that I've asked 🥺 there are a lot more, which I'm not able to recall at the moment and I'm so sorry for that 🤧<\/span><\/p><br /><p dir=\"ltr\" style=\"line-height:1.38;margin-top:0.0pt;margin-bottom:0.0pt;\"><span style=\"font-size:7.2pt;font-family:'Google Sans';color:#000000;background-color:transparent;font-weight:400;font-style:normal;font-variant:normal;text-decoration:none;vertical-align:baseline;white-space:pre;white-space:pre-wrap;\">God! How did I even manage to pull someone like you 😭🩷 you're the best my love 🥺 <\/span><\/p>","labels":[{"name":"Reasons ❤️\u200d🩹"}]}