{"attachments":[{"filePath":"197026bee46.ba8d505db7970583.jpg","mimetype":"image/jpeg"}],"color":"DEFAULT","isTrashed":false,"isPinned":false,"isArchived":true,"textContent":"I'm so proud that I chose you, you're very well raised. I don't know how you're with other people, but with me, not once I've felt unsafe or unheard, you've treated me right ever since I've known you! \n\nI'm literally the happiest because of you Umair. 🩷","title":"","userEditedTimestampUsec":1748327878169000,"createdTimestampUsec":1748092338597000,"textContentHtml":"<p dir=\"ltr\" style=\"line-height:1.38;margin-top:0.0pt;margin-bottom:0.0pt;\"><span style=\"font-size:7.2pt;font-family:'Google Sans';color:#000000;background-color:transparent;font-weight:400;font-style:normal;font-variant:normal;text-decoration:none;vertical-align:baseline;white-space:pre;white-space:pre-wrap;\">I'm so proud that I chose you, you're very well raised. I don't know how you're with other people, but with me, not once I've felt unsafe or unheard, you've treated me right ever since I've known you!&nbsp;<\/span><\/p><br /><p dir=\"ltr\" style=\"line-height:1.38;margin-top:0.0pt;margin-bottom:0.0pt;\"><span style=\"font-size:7.2pt;font-family:'Google Sans';color:#000000;background-color:transparent;font-weight:400;font-style:normal;font-variant:normal;text-decoration:none;vertical-align:baseline;white-space:pre;white-space:pre-wrap;\">I'm literally the happiest because of you Umair. 🩷<\/span><\/p>","labels":[{"name":"Reasons ❤️\u200d🩹"}]}