{"attachments":[{"filePath":"197026c3dc9.a5a2c2d877879c85.jpg","mimetype":"image/jpeg"}],"color":"DEFAULT","isTrashed":false,"isPinned":false,"isArchived":true,"textContent":"Ooh don't even get me started I'm in love with your smile, 😩🩷 yes I might not mention it a lot, cause your eyes and your voice takes away most of the credit but I really love to see you smiling 🤭\n\nThe first time I saw you smiling infact laughing was in those videos where you and your friends were singing, that was the 2nd time I fell in love with you all over again 🥺😭🩷","title":"","userEditedTimestampUsec":1748327878184000,"createdTimestampUsec":1748092355163000,"textContentHtml":"<p dir=\"ltr\" style=\"line-height:1.38;margin-top:0.0pt;margin-bottom:0.0pt;\"><span style=\"font-size:7.2pt;font-family:'Google Sans';color:#000000;background-color:transparent;font-weight:400;font-style:normal;font-variant:normal;text-decoration:none;vertical-align:baseline;white-space:pre;white-space:pre-wrap;\">Ooh don't even get me started I'm in love with your smile, 😩🩷 yes I might not mention it a lot, cause your eyes and your voice takes away most of the credit but I really love to see you smiling 🤭<\/span><\/p><br /><p dir=\"ltr\" style=\"line-height:1.38;margin-top:0.0pt;margin-bottom:0.0pt;\"><span style=\"font-size:7.2pt;font-family:'Google Sans';color:#000000;background-color:transparent;font-weight:400;font-style:normal;font-variant:normal;text-decoration:none;vertical-align:baseline;white-space:pre;white-space:pre-wrap;\">The first time I saw you smiling infact laughing was in those videos where you and your friends were singing, that was the 2nd time I fell in love with you all over again 🥺😭🩷<\/span><\/p>","labels":[{"name":"Reasons ❤️\u200d🩹"}]}