{"attachments":[{"filePath":"197025e5413.929e4d7cff2034c0.jpg","mimetype":"image/jpeg"}],"color":"DEFAULT","isTrashed":false,"isPinned":false,"isArchived":true,"textContent":"You never believe this, but the way I find you attractive, I've never seen anyone like that before 🥺\nYou're literally a treat to my eyes 😭 Aah! that reminds me of YOUR EYES, just one look and I'd even believe in your lies 😭 that's how impactful they're 😭 Your kissable lips 😭 I so want to know how they'd taste 😭 OML you even got a perfect nose😭😭 And on top of all this...YOU'RE TALL 😭 \n\nI wonder how will I even look into your eyes when you're up close 😭","title":"","userEditedTimestampUsec":1748357966370000,"createdTimestampUsec":1748091476818000,"textContentHtml":"<p dir=\"ltr\" style=\"line-height:1.38;margin-top:0.0pt;margin-bottom:0.0pt;\"><span style=\"font-size:7.2pt;font-family:'Google Sans';color:#000000;background-color:transparent;font-weight:400;font-style:normal;font-variant:normal;text-decoration:none;vertical-align:baseline;white-space:pre;white-space:pre-wrap;\">You never believe this, but the way I find you attractive, I've never seen anyone like that before 🥺<\/span><\/p><p dir=\"ltr\" style=\"line-height:1.38;margin-top:0.0pt;margin-bottom:0.0pt;\"><span style=\"font-size:7.2pt;font-family:'Google Sans';color:#000000;background-color:transparent;font-weight:400;font-style:normal;font-variant:normal;text-decoration:none;vertical-align:baseline;white-space:pre;white-space:pre-wrap;\">You're literally a treat to my eyes 😭 Aah! that reminds me of YOUR EYES, just one look and I'd even believe in your lies 😭 that's how impactful they're 😭 Your kissable lips 😭 I so want to know how they'd taste 😭 OML you even got a perfect nose😭😭 And on top of all this...YOU'RE TALL 😭&nbsp;<\/span><\/p><br /><p dir=\"ltr\" style=\"line-height:1.38;margin-top:0.0pt;margin-bottom:0.0pt;\"><span style=\"font-size:7.2pt;font-family:'Google Sans';color:#000000;background-color:transparent;font-weight:400;font-style:normal;font-variant:normal;text-decoration:none;vertical-align:baseline;white-space:pre;white-space:pre-wrap;\">I wonder how will I even look into your eyes when you're up close 😭<\/span><\/p>","labels":[{"name":"Reasons ❤️\u200d🩹"}]}