{"attachments":[{"filePath":"19750bb1bab.9eb29e04f9b8c0f9.png","mimetype":"image/png"}],"color":"DEFAULT","isTrashed":false,"isPinned":false,"isArchived":true,"textContent":"Just a reminder for you that you're sooooo cute my baby boy 😩🩷 \nLike all the time!!!! Just seeing your snap or listening to your voice makes everything so much better! 🥺 \n\nI'm so lucky to have you by my side, I love you so so much Umair. 🥺🩷\n","title":"I love you my baby umzy 🐶🥺🩷","userEditedTimestampUsec":1749621909848000,"createdTimestampUsec":1749406201320000,"textContentHtml":"<p dir=\"ltr\" style=\"line-height:1.38;margin-top:0.0pt;margin-bottom:0.0pt;\"><span style=\"font-size:7.2pt;font-family:'Google Sans';color:#000000;background-color:transparent;font-weight:400;font-style:normal;font-variant:normal;text-decoration:none;vertical-align:baseline;white-space:pre;white-space:pre-wrap;\">Just a reminder for you that you're sooooo cute my baby boy 😩🩷&nbsp;<\/span><\/p><p dir=\"ltr\" style=\"line-height:1.38;margin-top:0.0pt;margin-bottom:0.0pt;\"><span style=\"font-size:7.2pt;font-family:'Google Sans';color:#000000;background-color:transparent;font-weight:400;font-style:normal;font-variant:normal;text-decoration:none;vertical-align:baseline;white-space:pre;white-space:pre-wrap;\">Like all the time!!!! Just seeing your snap or listening to your voice makes everything so much better! 🥺&nbsp;<\/span><\/p><br /><p dir=\"ltr\" style=\"line-height:1.38;margin-top:0.0pt;margin-bottom:0.0pt;\"><span style=\"font-size:7.2pt;font-family:'Google Sans';color:#000000;background-color:transparent;font-weight:400;font-style:normal;font-variant:normal;text-decoration:none;vertical-align:baseline;white-space:pre;white-space:pre-wrap;\">I'm so lucky to have you by my side, I love you so so much Umair. 🥺🩷<\/span><\/p>","labels":[{"name":"Notes 👉🏻👈🏻"}]}