{"attachments":[{"filePath":"197b7bebbdb.8a0a67c4a3155844.png","mimetype":"image/png"}],"color":"DEFAULT","isTrashed":false,"isPinned":false,"isArchived":true,"textContent":"I've always said that I love you a lot because of several reasons  but I've never once mentioned how much I love watching my man being so protective, loving and caring for me and being so madly in love that it does reflect when you speak, your soul seems happy, it screams contentment and joy, and I love that feeling of making you feel the happiest!\n\nI wish that I continue to be the reason behind your happiness 🥺🩷\n\nI love to see you in love 🩷","title":"I love seeing you in love with me 🥺","userEditedTimestampUsec":1751134832892000,"createdTimestampUsec":1751134456191000,"textContentHtml":"<p dir=\"ltr\" style=\"line-height:1.38;margin-top:0.0pt;margin-bottom:0.0pt;\"><span style=\"font-size:7.2pt;font-family:'Google Sans';color:#000000;background-color:transparent;font-weight:400;font-style:normal;font-variant:normal;text-decoration:none;vertical-align:baseline;white-space:pre;white-space:pre-wrap;\">I've always said that I love you a lot because of several reasons&nbsp; but I've never once mentioned how much I love watching my man being so protective, loving and caring for me and being so madly in love that it does reflect when you speak, your soul seems happy, it screams contentment and joy, and I love that feeling of making you feel the happiest!<\/span><\/p><br /><p dir=\"ltr\" style=\"line-height:1.38;margin-top:0.0pt;margin-bottom:0.0pt;\"><span style=\"font-size:7.2pt;font-family:'Google Sans';color:#000000;background-color:transparent;font-weight:400;font-style:normal;font-variant:normal;text-decoration:none;vertical-align:baseline;white-space:pre;white-space:pre-wrap;\">I wish that I continue to be the reason behind your happiness 🥺🩷<\/span><\/p><br /><p dir=\"ltr\" style=\"line-height:1.38;margin-top:0.0pt;margin-bottom:0.0pt;\"><span style=\"font-size:7.2pt;font-family:'Google Sans';color:#000000;background-color:transparent;font-weight:400;font-style:normal;font-variant:normal;text-decoration:none;vertical-align:baseline;white-space:pre;white-space:pre-wrap;\">I love to see you in love 🩷<\/span><\/p>","labels":[{"name":"Notes 👉🏻👈🏻"}]}