{"attachments":[{"filePath":"196b58cfa4a.aa804a1823f63c87.png","mimetype":"image/png"}],"color":"DEFAULT","isTrashed":false,"isPinned":false,"isArchived":true,"textContent":"I hope and pray that you never feel the need to come here, but we're humans and we come across certain moments where we feel like giving up even on  things that  mattered the most to us at a point of time. \nI want to remind you that you're much capable of handling things on your own, you've always had! Things would definitely fall into place, just like you used to say \"dua aur sabr\" toh bs yahi yaqeen rakho sab thik ho jayega! \n\nAlso, any person or letter can't just perform a miracle and boom you start feeling better but yes God definitely can! So try to grow closer to Him. \nThere's a Bible verse in the book of Revelation that says \"What He opens, no one can shut\", so whatever has made you feel that burdened if it has a role to play in your life, then things will definitely work out, trust me! And if not me, then trust God! \n\nKnow that I love you and no matter what I'll be there to listen to you! 🩷","title":"Open when you're about to give up.","userEditedTimestampUsec":1747051027741000,"createdTimestampUsec":1746799910414000,"textContentHtml":"<p dir=\"ltr\" style=\"line-height:1.38;margin-top:0.0pt;margin-bottom:0.0pt;\"><span style=\"font-size:7.2pt;font-family:'Google Sans';color:#000000;background-color:transparent;font-weight:400;font-style:normal;font-variant:normal;text-decoration:none;vertical-align:baseline;white-space:pre;white-space:pre-wrap;\">I hope and pray that you never feel the need to come here, but we're humans and we come across certain moments where we feel like giving up even on&nbsp; things that&nbsp; mattered the most to us at a point of time.&nbsp;<\/span><\/p><p dir=\"ltr\" style=\"line-height:1.38;margin-top:0.0pt;margin-bottom:0.0pt;\"><span style=\"font-size:7.2pt;font-family:'Google Sans';color:#000000;background-color:transparent;font-weight:400;font-style:normal;font-variant:normal;text-decoration:none;vertical-align:baseline;white-space:pre;white-space:pre-wrap;\">I want to remind you that you're much capable of handling things on your own, you've always had! Things would definitely fall into place, just like you used to say &quot;dua aur sabr&quot; toh bs yahi yaqeen rakho sab thik ho jayega!&nbsp;<\/span><\/p><br /><p dir=\"ltr\" style=\"line-height:1.38;margin-top:0.0pt;margin-bottom:0.0pt;\"><span style=\"font-size:7.2pt;font-family:'Google Sans';color:#000000;background-color:transparent;font-weight:400;font-style:normal;font-variant:normal;text-decoration:none;vertical-align:baseline;white-space:pre;white-space:pre-wrap;\">Also, any person or letter can't just perform a miracle and boom you start feeling better but yes God definitely can! So try to grow closer to Him.&nbsp;<\/span><\/p><p dir=\"ltr\" style=\"line-height:1.38;margin-top:0.0pt;margin-bottom:0.0pt;\"><span style=\"font-size:7.2pt;font-family:'Google Sans';color:#000000;background-color:transparent;font-weight:400;font-style:normal;font-variant:normal;text-decoration:none;vertical-align:baseline;white-space:pre;white-space:pre-wrap;\">There's a Bible verse in the book of Revelation that says &quot;What He opens, no one can shut&quot;, so whatever has made you feel that burdened if it has a role to play in your life, then things will definitely work out, trust me! And if not me, then trust God!&nbsp;<\/span><\/p><br /><p dir=\"ltr\" style=\"line-height:1.38;margin-top:0.0pt;margin-bottom:0.0pt;\"><span style=\"font-size:7.2pt;font-family:'Google Sans';color:#000000;background-color:transparent;font-weight:400;font-style:normal;font-variant:normal;text-decoration:none;vertical-align:baseline;white-space:pre;white-space:pre-wrap;\">Know that I love you and no matter what I'll be there to listen to you! 🩷<\/span><\/p>","labels":[{"name":"Letters 💌"}]}