{"attachments":[{"filePath":"196b5b49da7.a456a12cdcb0f352.png","mimetype":"image/png"}],"color":"DEFAULT","isTrashed":false,"isPinned":false,"isArchived":true,"textContent":"I don't want you to open this ever 🤧 but we're humans and we all get sick, and especially you!! 😏 \nWhen you'd really be sick, you definitely won't have the energy to come here, but if you do, then you should know I'd probably be mad at you for being sick 😏😂  but I would still say that I\u2019m so sorry you\u2019re not feeling well right now. I wish I could be there to gently run my fingers through your hair, bring you nice food and sit beside you until you fell asleep. But since I can\u2019t, this letter is my little way of being there for you, from across this distance! 🤧\n\nI know how often your body gets tired and how quickly you fall sick, and that\u2019s why I worry because I care about you so deeply. If I could wrap you up in the softest blanket and take all the discomfort away, I would.\n\nRight now, you don\u2019t need to do anything except rest. Let your body heal. Let yourself pause.  Know that you matter a lot to someone out there  who's waiting for you to heal. 🥺\n\nClose your eyes and imagine me right there beside you, whispering, \"Sb thik ho jayega Umzy, suvi hai na tmhare pass\" 🥺\nI\u2019m proud of you for making it through even the tough days.\n\nTake your medicine. Drink something warm. Sleep when you can. And when you wake up, know that someone far away is holding you in their heart, gently and constantly.🩷\n\nFeel better soon, my love.\nYou're not alone, even when it feels like it. 🥺🩷","title":"Open when you're sick.","userEditedTimestampUsec":1748500706040000,"createdTimestampUsec":1746799909137000,"textContentHtml":"<p dir=\"ltr\" style=\"line-height:1.38;margin-top:0.0pt;margin-bottom:0.0pt;\"><span style=\"font-size:7.2pt;font-family:'Google Sans';color:#000000;background-color:transparent;font-weight:400;font-style:normal;font-variant:normal;text-decoration:none;vertical-align:baseline;white-space:pre;white-space:pre-wrap;\">I don't want you to open this ever 🤧 but we're humans and we all get sick, and especially you!! 😏&nbsp;<\/span><\/p><p dir=\"ltr\" style=\"line-height:1.38;margin-top:0.0pt;margin-bottom:0.0pt;\"><span style=\"font-size:7.2pt;font-family:'Google Sans';color:#000000;background-color:transparent;font-weight:400;font-style:normal;font-variant:normal;text-decoration:none;vertical-align:baseline;white-space:pre;white-space:pre-wrap;\">When you'd really be sick, you definitely won't have the energy to come here, but if you do, then you should know I'd probably be mad at you for being sick 😏😂&nbsp; but I would still say that I&rsquo;m so sorry you&rsquo;re not feeling well right now. I wish I could be there to gently run my fingers through your hair, bring you nice food and sit beside you until you fell asleep. But since I can&rsquo;t, this letter is my little way of being there for you, from across this distance! 🤧<\/span><\/p><br /><p dir=\"ltr\" style=\"line-height:1.38;margin-top:0.0pt;margin-bottom:0.0pt;\"><span style=\"font-size:7.2pt;font-family:'Google Sans';color:#000000;background-color:transparent;font-weight:400;font-style:normal;font-variant:normal;text-decoration:none;vertical-align:baseline;white-space:pre;white-space:pre-wrap;\">I know how often your body gets tired and how quickly you fall sick, and that&rsquo;s why I worry because I care about you so deeply. If I could wrap you up in the softest blanket and take all the discomfort away, I would.<\/span><\/p><br /><p dir=\"ltr\" style=\"line-height:1.38;margin-top:0.0pt;margin-bottom:0.0pt;\"><span style=\"font-size:7.2pt;font-family:'Google Sans';color:#000000;background-color:transparent;font-weight:400;font-style:normal;font-variant:normal;text-decoration:none;vertical-align:baseline;white-space:pre;white-space:pre-wrap;\">Right now, you don&rsquo;t need to do anything except rest. Let your body heal. Let yourself pause.&nbsp; Know that you matter a lot to someone out there&nbsp; who's waiting for you to heal. 🥺<\/span><\/p><br /><p dir=\"ltr\" style=\"line-height:1.38;margin-top:0.0pt;margin-bottom:0.0pt;\"><span style=\"font-size:7.2pt;font-family:'Google Sans';color:#000000;background-color:transparent;font-weight:400;font-style:normal;font-variant:normal;text-decoration:none;vertical-align:baseline;white-space:pre;white-space:pre-wrap;\">Close your eyes and imagine me right there beside you, whispering, &quot;Sb thik ho jayega Umzy, suvi hai na tmhare pass&quot; 🥺<\/span><\/p><p dir=\"ltr\" style=\"line-height:1.38;margin-top:0.0pt;margin-bottom:0.0pt;\"><span style=\"font-size:7.2pt;font-family:'Google Sans';color:#000000;background-color:transparent;font-weight:400;font-style:normal;font-variant:normal;text-decoration:none;vertical-align:baseline;white-space:pre;white-space:pre-wrap;\">I&rsquo;m proud of you for making it through even the tough days.<\/span><\/p><br /><p dir=\"ltr\" style=\"line-height:1.38;margin-top:0.0pt;margin-bottom:0.0pt;\"><span style=\"font-size:7.2pt;font-family:'Google Sans';color:#000000;background-color:transparent;font-weight:400;font-style:normal;font-variant:normal;text-decoration:none;vertical-align:baseline;white-space:pre;white-space:pre-wrap;\">Take your medicine. Drink something warm. Sleep when you can. And when you wake up, know that someone far away is holding you in their heart, gently and constantly.🩷<\/span><\/p><br /><p dir=\"ltr\" style=\"line-height:1.38;margin-top:0.0pt;margin-bottom:0.0pt;\"><span style=\"font-size:7.2pt;font-family:'Google Sans';color:#000000;background-color:transparent;font-weight:400;font-style:normal;font-variant:normal;text-decoration:none;vertical-align:baseline;white-space:pre;white-space:pre-wrap;\">Feel better soon, my love.<\/span><\/p><p dir=\"ltr\" style=\"line-height:1.38;margin-top:0.0pt;margin-bottom:0.0pt;\"><span style=\"font-size:7.2pt;font-family:'Google Sans';color:#000000;background-color:transparent;font-weight:400;font-style:normal;font-variant:normal;text-decoration:none;vertical-align:baseline;white-space:pre;white-space:pre-wrap;\">You're not alone, even when it feels like it. 🥺🩷<\/span><\/p>","labels":[{"name":"Letters 💌"}]}