{"attachments":[{"filePath":"196b592b87d.bdc5ed603e495f76.png","mimetype":"image/png"}],"color":"DEFAULT","isTrashed":false,"isPinned":false,"isArchived":true,"textContent":"If you\u2019re reading this, it probably means you're on the move, maybe with those friends (your boyfriends), who take too many risks, or drag you into plans you didn\u2019t fully think through. And maybe it's late. Maybe you're somewhere you promised you wouldn\u2019t go. Maybe you're just trying to enjoy the moment but your mind is a little unsettled. Mine definitely is. 😏\n\nI\u2019m not here to scold or control you. I trust your heart. 🤧\nBut I also care about your safety in ways that make me worry even when I don\u2019t want to. You matter too much to me not to say this...\nPlease be careful. Please stay alert.\nDon\u2019t follow the crowd just to avoid saying no. Your peace, your life, your well-being...they come first, always.\n\nI know you\u2019re strong and smart and capable, but even the strongest need reminders sometimes, so here we're - \n\n🔪 Keep your phone charged.\n\n🔪 Stay close to people you actually trust.\n\n🔪 If something doesn\u2019t feel right, don\u2019t second \n      guess it... Leave! \n\n🔪 And if you're tired, rest. You're not missing out on   \n      anything worth more than your safety.\n\n🔪 Stay away from women other than your gf (Suvi).\n\n\nI may be far away, but that doesn\u2019t stop me from thinking of you every moment. You're carrying a piece of my heart with you wherever you go. So carry it gently, okay? 🥺\n\nCome back safe. Come back whole. Come back to me. 🥺😭\nAlways waiting, always loving.🥺🩷\nYour suvi 🤧","title":"Open when you're traveling alone.","userEditedTimestampUsec":1748500857204000,"createdTimestampUsec":1746799909168000,"textContentHtml":"<p dir=\"ltr\" style=\"line-height:1.38;margin-top:0.0pt;margin-bottom:0.0pt;\"><span style=\"font-size:7.2pt;font-family:'Google Sans';color:#000000;background-color:transparent;font-weight:400;font-style:normal;font-variant:normal;text-decoration:none;vertical-align:baseline;white-space:pre;white-space:pre-wrap;\">If you&rsquo;re reading this, it probably means you're on the move, maybe with those friends (your boyfriends), who take too many risks, or drag you into plans you didn&rsquo;t fully think through. And maybe it's late. Maybe you're somewhere you promised you wouldn&rsquo;t go. Maybe you're just trying to enjoy the moment but your mind is a little unsettled. Mine definitely is. 😏<\/span><\/p><br /><p dir=\"ltr\" style=\"line-height:1.38;margin-top:0.0pt;margin-bottom:0.0pt;\"><span style=\"font-size:7.2pt;font-family:'Google Sans';color:#000000;background-color:transparent;font-weight:400;font-style:normal;font-variant:normal;text-decoration:none;vertical-align:baseline;white-space:pre;white-space:pre-wrap;\">I&rsquo;m not here to scold or control you. I trust your heart. 🤧<\/span><\/p><p dir=\"ltr\" style=\"line-height:1.38;margin-top:0.0pt;margin-bottom:0.0pt;\"><span style=\"font-size:7.2pt;font-family:'Google Sans';color:#000000;background-color:transparent;font-weight:400;font-style:normal;font-variant:normal;text-decoration:none;vertical-align:baseline;white-space:pre;white-space:pre-wrap;\">But I also care about your safety in ways that make me worry even when I don&rsquo;t want to. You matter too much to me not to say this...<\/span><\/p><p dir=\"ltr\" style=\"line-height:1.38;margin-top:0.0pt;margin-bottom:0.0pt;\"><span style=\"font-size:7.2pt;font-family:'Google Sans';color:#000000;background-color:transparent;font-weight:400;font-style:normal;font-variant:normal;text-decoration:none;vertical-align:baseline;white-space:pre;white-space:pre-wrap;\">Please be careful. Please stay alert.<\/span><\/p><p dir=\"ltr\" style=\"line-height:1.38;margin-top:0.0pt;margin-bottom:0.0pt;\"><span style=\"font-size:7.2pt;font-family:'Google Sans';color:#000000;background-color:transparent;font-weight:400;font-style:normal;font-variant:normal;text-decoration:none;vertical-align:baseline;white-space:pre;white-space:pre-wrap;\">Don&rsquo;t follow the crowd just to avoid saying no. Your peace, your life, your well-being...they come first, always.<\/span><\/p><br /><p dir=\"ltr\" style=\"line-height:1.38;margin-top:0.0pt;margin-bottom:0.0pt;\"><span style=\"font-size:7.2pt;font-family:'Google Sans';color:#000000;background-color:transparent;font-weight:400;font-style:normal;font-variant:normal;text-decoration:none;vertical-align:baseline;white-space:pre;white-space:pre-wrap;\">I know you&rsquo;re strong and smart and capable, but even the strongest need reminders sometimes, so here we're -&nbsp;<\/span><\/p><br /><p dir=\"ltr\" style=\"line-height:1.38;margin-top:0.0pt;margin-bottom:0.0pt;\"><span style=\"font-size:7.2pt;font-family:'Google Sans';color:#000000;background-color:transparent;font-weight:400;font-style:normal;font-variant:normal;text-decoration:none;vertical-align:baseline;white-space:pre;white-space:pre-wrap;\">🔪 Keep your phone charged.<\/span><\/p><br /><p dir=\"ltr\" style=\"line-height:1.38;margin-top:0.0pt;margin-bottom:0.0pt;\"><span style=\"font-size:7.2pt;font-family:'Google Sans';color:#000000;background-color:transparent;font-weight:400;font-style:normal;font-variant:normal;text-decoration:none;vertical-align:baseline;white-space:pre;white-space:pre-wrap;\">🔪 Stay close to people you actually trust.<\/span><\/p><br /><p dir=\"ltr\" style=\"line-height:1.38;margin-top:0.0pt;margin-bottom:0.0pt;\"><span style=\"font-size:7.2pt;font-family:'Google Sans';color:#000000;background-color:transparent;font-weight:400;font-style:normal;font-variant:normal;text-decoration:none;vertical-align:baseline;white-space:pre;white-space:pre-wrap;\">🔪 If something doesn&rsquo;t feel right, don&rsquo;t second&nbsp;<\/span><\/p><p dir=\"ltr\" style=\"line-height:1.38;margin-top:0.0pt;margin-bottom:0.0pt;\"><span style=\"font-size:7.2pt;font-family:'Google Sans';color:#000000;background-color:transparent;font-weight:400;font-style:normal;font-variant:normal;text-decoration:none;vertical-align:baseline;white-space:pre;white-space:pre-wrap;\">&nbsp;&nbsp;&nbsp;&nbsp;&nbsp;&nbsp;guess it... Leave!&nbsp;<\/span><\/p><br /><p dir=\"ltr\" style=\"line-height:1.38;margin-top:0.0pt;margin-bottom:0.0pt;\"><span style=\"font-size:7.2pt;font-family:'Google Sans';color:#000000;background-color:transparent;font-weight:400;font-style:normal;font-variant:normal;text-decoration:none;vertical-align:baseline;white-space:pre;white-space:pre-wrap;\">🔪 And if you're tired, rest. You're not missing out on&nbsp;&nbsp;&nbsp;<\/span><\/p><p dir=\"ltr\" style=\"line-height:1.38;margin-top:0.0pt;margin-bottom:0.0pt;\"><span style=\"font-size:7.2pt;font-family:'Google Sans';color:#000000;background-color:transparent;font-weight:400;font-style:normal;font-variant:normal;text-decoration:none;vertical-align:baseline;white-space:pre;white-space:pre-wrap;\">&nbsp;&nbsp;&nbsp;&nbsp;&nbsp;&nbsp;anything worth more than your safety.<\/span><\/p><br /><p dir=\"ltr\" style=\"line-height:1.38;margin-top:0.0pt;margin-bottom:0.0pt;\"><span style=\"font-size:7.2pt;font-family:'Google Sans';color:#000000;background-color:transparent;font-weight:400;font-style:normal;font-variant:normal;text-decoration:none;vertical-align:baseline;white-space:pre;white-space:pre-wrap;\">🔪 Stay away from women other than your gf (Suvi).<\/span><\/p><br /><br /><p dir=\"ltr\" style=\"line-height:1.38;margin-top:0.0pt;margin-bottom:0.0pt;\"><span style=\"font-size:7.2pt;font-family:'Google Sans';color:#000000;background-color:transparent;font-weight:400;font-style:normal;font-variant:normal;text-decoration:none;vertical-align:baseline;white-space:pre;white-space:pre-wrap;\">I may be far away, but that doesn&rsquo;t stop me from thinking of you every moment. You're carrying a piece of my heart with you wherever you go. So carry it gently, okay? 🥺<\/span><\/p><br /><p dir=\"ltr\" style=\"line-height:1.38;margin-top:0.0pt;margin-bottom:0.0pt;\"><span style=\"font-size:7.2pt;font-family:'Google Sans';color:#000000;background-color:transparent;font-weight:400;font-style:normal;font-variant:normal;text-decoration:none;vertical-align:baseline;white-space:pre;white-space:pre-wrap;\">Come back safe. Come back whole. Come back to me. 🥺😭<\/span><\/p><p dir=\"ltr\" style=\"line-height:1.38;margin-top:0.0pt;margin-bottom:0.0pt;\"><span style=\"font-size:7.2pt;font-family:'Google Sans';color:#000000;background-color:transparent;font-weight:400;font-style:normal;font-variant:normal;text-decoration:none;vertical-align:baseline;white-space:pre;white-space:pre-wrap;\">Always waiting, always loving.🥺🩷<\/span><\/p><p dir=\"ltr\" style=\"line-height:1.38;margin-top:0.0pt;margin-bottom:0.0pt;\"><span style=\"font-size:7.2pt;font-family:'Google Sans';color:#000000;background-color:transparent;font-weight:400;font-style:normal;font-variant:normal;text-decoration:none;vertical-align:baseline;white-space:pre;white-space:pre-wrap;\">Your suvi 🤧<\/span><\/p>","labels":[{"name":"Letters 💌"}]}