{"attachments":[{"filePath":"196b5956a64.88001c92f11b5afb.png","mimetype":"image/png"}],"color":"DEFAULT","isTrashed":false,"isPinned":false,"isArchived":true,"textContent":"If you're reading this, I\u2019m guessing the night feels a little too long and your thoughts won\u2019t leave you alone. I wish I could be right there beside you, talking you to sleep, running my fingers through your hair, and just making everything feel a little lighter. 🥺\n\nSince I can't be there physically, let me still remind you of a few things:\n\nYou\u2019re safe. You\u2019re loved. You\u2019re on my mind, ALWAYS!!!! 🥺🩷\n\nClose your eyes for a second.Imagine me beside you. My hand in yours. My voice softly telling you how much I love you and how lucky I feel every single day to have you. If I could, I\u2019d whisper the kind of things that make your heart feel full and your mind feel quiet.\n\nYou know how you sound when you're sleepy? That soft, low tone that makes me melt every single time? I\u2019d do anything to hear it now. Maybe you'd be half-asleep and still trying to say something sweet, like you always do, and I\u2019d be there smiling like an idiot because I love you so damn much!!!!! 😭\n\nTake a deep breath, close those beautiful eyes, and let the world fade for a while. You don\u2019t need to carry anything tonight. Just rest. I\u2019ll be right here...thinking of you, praying peace finds you, and loving you more with every beat of my heart.\n\nGoodnight my Umzy baby. You\u2019ve got this. And I\u2019ve got you. 🤧🩷","title":"Open when you can't sleep.","userEditedTimestampUsec":1747466063157000,"createdTimestampUsec":1746799681762000,"textContentHtml":"<p dir=\"ltr\" style=\"line-height:1.38;margin-top:0.0pt;margin-bottom:0.0pt;\"><span style=\"font-size:7.2pt;font-family:'Google Sans';color:#000000;background-color:transparent;font-weight:400;font-style:normal;font-variant:normal;text-decoration:none;vertical-align:baseline;white-space:pre;white-space:pre-wrap;\">If you're reading this, I&rsquo;m guessing the night feels a little too long and your thoughts won&rsquo;t leave you alone. I wish I could be right there beside you, talking you to sleep, running my fingers through your hair, and just making everything feel a little lighter. 🥺<\/span><\/p><br /><p dir=\"ltr\" style=\"line-height:1.38;margin-top:0.0pt;margin-bottom:0.0pt;\"><span style=\"font-size:7.2pt;font-family:'Google Sans';color:#000000;background-color:transparent;font-weight:400;font-style:normal;font-variant:normal;text-decoration:none;vertical-align:baseline;white-space:pre;white-space:pre-wrap;\">Since I can't be there physically, let me still remind you of a few things:<\/span><\/p><br /><p dir=\"ltr\" style=\"line-height:1.38;margin-top:0.0pt;margin-bottom:0.0pt;\"><span style=\"font-size:7.2pt;font-family:'Google Sans';color:#000000;background-color:transparent;font-weight:400;font-style:normal;font-variant:normal;text-decoration:none;vertical-align:baseline;white-space:pre;white-space:pre-wrap;\">You&rsquo;re safe. You&rsquo;re loved. You&rsquo;re on my mind, ALWAYS!!!! 🥺🩷<\/span><\/p><br /><p dir=\"ltr\" style=\"line-height:1.38;margin-top:0.0pt;margin-bottom:0.0pt;\"><span style=\"font-size:7.2pt;font-family:'Google Sans';color:#000000;background-color:transparent;font-weight:400;font-style:normal;font-variant:normal;text-decoration:none;vertical-align:baseline;white-space:pre;white-space:pre-wrap;\">Close your eyes for a second.Imagine me beside you. My hand in yours. My voice softly telling you how much I love you and how lucky I feel every single day to have you. If I could, I&rsquo;d whisper the kind of things that make your heart feel full and your mind feel quiet.<\/span><\/p><br /><p dir=\"ltr\" style=\"line-height:1.38;margin-top:0.0pt;margin-bottom:0.0pt;\"><span style=\"font-size:7.2pt;font-family:'Google Sans';color:#000000;background-color:transparent;font-weight:400;font-style:normal;font-variant:normal;text-decoration:none;vertical-align:baseline;white-space:pre;white-space:pre-wrap;\">You know how you sound when you're sleepy? That soft, low tone that makes me melt every single time? I&rsquo;d do anything to hear it now. Maybe you'd be half-asleep and still trying to say something sweet, like you always do, and I&rsquo;d be there smiling like an idiot because I love you so damn much!!!!! 😭<\/span><\/p><br /><p dir=\"ltr\" style=\"line-height:1.38;margin-top:0.0pt;margin-bottom:0.0pt;\"><span style=\"font-size:7.2pt;font-family:'Google Sans';color:#000000;background-color:transparent;font-weight:400;font-style:normal;font-variant:normal;text-decoration:none;vertical-align:baseline;white-space:pre;white-space:pre-wrap;\">Take a deep breath, close those beautiful eyes, and let the world fade for a while. You don&rsquo;t need to carry anything tonight. Just rest. I&rsquo;ll be right here...thinking of you, praying peace finds you, and loving you more with every beat of my heart.<\/span><\/p><br /><p dir=\"ltr\" style=\"line-height:1.38;margin-top:0.0pt;margin-bottom:0.0pt;\"><span style=\"font-size:7.2pt;font-family:'Google Sans';color:#000000;background-color:transparent;font-weight:400;font-style:normal;font-variant:normal;text-decoration:none;vertical-align:baseline;white-space:pre;white-space:pre-wrap;\">Goodnight my Umzy baby. You&rsquo;ve got this. And I&rsquo;ve got you. 🤧🩷<\/span><\/p>","labels":[{"name":"Letters 💌"}]}