{"attachments":[{"filePath":"196b590e27b.af72371f591a60f8.png","mimetype":"image/png"}],"color":"DEFAULT","isTrashed":false,"isPinned":false,"isArchived":true,"textContent":"I don't know if I should be happy writing this or overwhelmed, cause \"you think of our future together\", sounds so good, but \"you think of our future and know that we might not be together\", hurts a lot! \nBut we're only going to think positively and believe in what we've asked for in prayers!\n\nI don't want you to be sad or anxious thinking about our future, if we're really in love, if we've really prayed for this, if we've been genuine with eachother, then God definitely has something in plan for us, cause meeting you (digitally), getting to know you, can't just go in vain, we've to make it work and we will 🥺  \n\nAnd I want a life with you like this picture above 😭 and I pray for it 🥺 \n\nI love you Umair please don't be sad 🥺🩷","title":"Open when you're thinking about our future.","userEditedTimestampUsec":1747212801008000,"createdTimestampUsec":1746799909120000,"textContentHtml":"<p dir=\"ltr\" style=\"line-height:1.38;margin-top:0.0pt;margin-bottom:0.0pt;\"><span style=\"font-size:7.2pt;font-family:'Google Sans';color:#000000;background-color:transparent;font-weight:400;font-style:normal;font-variant:normal;text-decoration:none;vertical-align:baseline;white-space:pre;white-space:pre-wrap;\">I don't know if I should be happy writing this or overwhelmed, cause &quot;you think of our future together&quot;, sounds so good, but &quot;you think of our future and know that we might not be together&quot;, hurts a lot!&nbsp;<\/span><\/p><p dir=\"ltr\" style=\"line-height:1.38;margin-top:0.0pt;margin-bottom:0.0pt;\"><span style=\"font-size:7.2pt;font-family:'Google Sans';color:#000000;background-color:transparent;font-weight:400;font-style:normal;font-variant:normal;text-decoration:none;vertical-align:baseline;white-space:pre;white-space:pre-wrap;\">But we're only going to think positively and believe in what we've asked for in prayers!<\/span><\/p><br /><p dir=\"ltr\" style=\"line-height:1.38;margin-top:0.0pt;margin-bottom:0.0pt;\"><span style=\"font-size:7.2pt;font-family:'Google Sans';color:#000000;background-color:transparent;font-weight:400;font-style:normal;font-variant:normal;text-decoration:none;vertical-align:baseline;white-space:pre;white-space:pre-wrap;\">I don't want you to be sad or anxious thinking about our future, if we're really in love, if we've really prayed for this, if we've been genuine with eachother, then God definitely has something in plan for us, cause meeting you (digitally), getting to know you, can't just go in vain, we've to make it work and we will 🥺&nbsp;&nbsp;<\/span><\/p><br /><p dir=\"ltr\" style=\"line-height:1.38;margin-top:0.0pt;margin-bottom:0.0pt;\"><span style=\"font-size:7.2pt;font-family:'Google Sans';color:#000000;background-color:transparent;font-weight:400;font-style:normal;font-variant:normal;text-decoration:none;vertical-align:baseline;white-space:pre;white-space:pre-wrap;\">And I want a life with you like this picture above 😭 and I pray for it 🥺&nbsp;<\/span><\/p><br /><p dir=\"ltr\" style=\"line-height:1.38;margin-top:0.0pt;margin-bottom:0.0pt;\"><span style=\"font-size:7.2pt;font-family:'Google Sans';color:#000000;background-color:transparent;font-weight:400;font-style:normal;font-variant:normal;text-decoration:none;vertical-align:baseline;white-space:pre;white-space:pre-wrap;\">I love you Umair please don't be sad 🥺🩷<\/span><\/p>","labels":[{"name":"Letters 💌"}]}