{"attachments":[{"filePath":"196b597b0e2.917b9fcf4f1ee99d.png","mimetype":"image/png"}],"color":"DEFAULT","isTrashed":false,"isPinned":false,"isArchived":true,"textContent":"Someone's missing me Haan 🤧👀\nIf you\u2019ve opened this, it means you're really craving my presence, I wish I could just hold your hand or give you a hug or  rest my head on your shoulder right now. But since I can\u2019t, let this letter do the work 🤧 \nClose your eyes for a second. Breathe and know that I\u2019m right here with you, always.\n\nI know this isn\u2019t easy. It\u2019s hard to love from afar, to miss someone you've never even had the chance to meet face to face. But what we have\u2026 it\u2019s real. It\u2019s rare. And it matters. No distance or doubt can undo that.\n\nEvery message, every late-night talk, every shared dream, we\u2019ve built something beautiful. \nI won\u2019t lie, sometimes I also wonder what if we never meet. But then I remind myself, love isn\u2019t always measured by time or touch. Sometimes, it\u2019s in faith, in loyalty, in the choice to stay even when it\u2019s hard.\n\nSo when you miss me, I hope you smile through the pain. I hope you remember how proud I am of you, how much you mean to me, and how deeply I care for you, even from afar!\n\nUntil the day we meet (if destiny allows), I\u2019m holding onto you the best way I can, with my heart, my words, and my prayers!! 🥺\n","title":"Open when you miss me.","userEditedTimestampUsec":1747324618807000,"createdTimestampUsec":1746799591012000,"textContentHtml":"<p dir=\"ltr\" style=\"line-height:1.38;margin-top:0.0pt;margin-bottom:0.0pt;\"><span style=\"font-size:7.2pt;font-family:'Google Sans';color:#000000;background-color:transparent;font-weight:400;font-style:normal;font-variant:normal;text-decoration:none;vertical-align:baseline;white-space:pre;white-space:pre-wrap;\">Someone's missing me Haan 🤧👀<\/span><\/p><p dir=\"ltr\" style=\"line-height:1.38;margin-top:0.0pt;margin-bottom:0.0pt;\"><span style=\"font-size:7.2pt;font-family:'Google Sans';color:#000000;background-color:transparent;font-weight:400;font-style:normal;font-variant:normal;text-decoration:none;vertical-align:baseline;white-space:pre;white-space:pre-wrap;\">If you&rsquo;ve opened this, it means you're really craving my presence, I wish I could just hold your hand or give you a hug or&nbsp; rest my head on your shoulder right now. But since I can&rsquo;t, let this letter do the work 🤧&nbsp;<\/span><\/p><p dir=\"ltr\" style=\"line-height:1.38;margin-top:0.0pt;margin-bottom:0.0pt;\"><span style=\"font-size:7.2pt;font-family:'Google Sans';color:#000000;background-color:transparent;font-weight:400;font-style:normal;font-variant:normal;text-decoration:none;vertical-align:baseline;white-space:pre;white-space:pre-wrap;\">Close your eyes for a second. Breathe and know that I&rsquo;m right here with you, always.<\/span><\/p><br /><p dir=\"ltr\" style=\"line-height:1.38;margin-top:0.0pt;margin-bottom:0.0pt;\"><span style=\"font-size:7.2pt;font-family:'Google Sans';color:#000000;background-color:transparent;font-weight:400;font-style:normal;font-variant:normal;text-decoration:none;vertical-align:baseline;white-space:pre;white-space:pre-wrap;\">I know this isn&rsquo;t easy. It&rsquo;s hard to love from afar, to miss someone you've never even had the chance to meet face to face. But what we have\u2026 it&rsquo;s real. It&rsquo;s rare. And it matters. No distance or doubt can undo that.<\/span><\/p><br /><p dir=\"ltr\" style=\"line-height:1.38;margin-top:0.0pt;margin-bottom:0.0pt;\"><span style=\"font-size:7.2pt;font-family:'Google Sans';color:#000000;background-color:transparent;font-weight:400;font-style:normal;font-variant:normal;text-decoration:none;vertical-align:baseline;white-space:pre;white-space:pre-wrap;\">Every message, every late-night talk, every shared dream, we&rsquo;ve built something beautiful.&nbsp;<\/span><\/p><p dir=\"ltr\" style=\"line-height:1.38;margin-top:0.0pt;margin-bottom:0.0pt;\"><span style=\"font-size:7.2pt;font-family:'Google Sans';color:#000000;background-color:transparent;font-weight:400;font-style:normal;font-variant:normal;text-decoration:none;vertical-align:baseline;white-space:pre;white-space:pre-wrap;\">I won&rsquo;t lie, sometimes I also wonder what if we never meet. But then I remind myself, love isn&rsquo;t always measured by time or touch. Sometimes, it&rsquo;s in faith, in loyalty, in the choice to stay even when it&rsquo;s hard.<\/span><\/p><br /><p dir=\"ltr\" style=\"line-height:1.38;margin-top:0.0pt;margin-bottom:0.0pt;\"><span style=\"font-size:7.2pt;font-family:'Google Sans';color:#000000;background-color:transparent;font-weight:400;font-style:normal;font-variant:normal;text-decoration:none;vertical-align:baseline;white-space:pre;white-space:pre-wrap;\">So when you miss me, I hope you smile through the pain. I hope you remember how proud I am of you, how much you mean to me, and how deeply I care for you, even from afar!<\/span><\/p><br /><p dir=\"ltr\" style=\"line-height:1.38;margin-top:0.0pt;margin-bottom:0.0pt;\"><span style=\"font-size:7.2pt;font-family:'Google Sans';color:#000000;background-color:transparent;font-weight:400;font-style:normal;font-variant:normal;text-decoration:none;vertical-align:baseline;white-space:pre;white-space:pre-wrap;\">Until the day we meet (if destiny allows), I&rsquo;m holding onto you the best way I can, with my heart, my words, and my prayers!! 🥺<\/span><\/p>","labels":[{"name":"Letters 💌"}]}