{"attachments":[{"filePath":"196b58eb4a3.b1db5967d76e50de.png","mimetype":"image/png"}],"color":"DEFAULT","isTrashed":false,"isPinned":false,"isArchived":true,"textContent":"First of all you're not allowed to feel that way 😒\nBut then again if you're here then you're going through that feeling which makes me really upset 😕\n\nI wish I could show you how perfect you're in many ways, you ask what do I like in you, right? \nSo I've had male classmates/friends/colleagues all my life and I've had interaction, after most of the conversation which I've had left me wondering \"seriously yeh aise sochta hai!?\", and till date there hasn't been a single conversation which made me feel like that about you even though when we both come from different cultural backgrounds, have different set of upbringing yet you always gave me the vibes, I always wanted in my partner 🤧 \n\nNot just that, you're so well behaved 😭 you've never raised your voice infront of me, you're such a sweetheart 😭🩷\n\nHave you seen yourself!!? Your eyess 😭😭 they're the prettiest eyes I've ever seen 😭 your voice toh ufff 😭 I'm literally in love with your voice 🥺 \nYour hairs, your lips, your smile 😭🩷 you even got a perfect nose and still you have the audacity to say \"bs awein kehti hai aap\" 🥹😏\n\nI don't know about others but you're perfect to me! yes I do get angry but that doesn't mean that I stopped seeing you that way 😭 \nI love you so much you're the best and your mommy's so proud of you babyboi! 🤧🫣","title":"Open when you're feeling insecure.","userEditedTimestampUsec":1747052698647000,"createdTimestampUsec":1746799910792000,"textContentHtml":"<p dir=\"ltr\" style=\"line-height:1.38;margin-top:0.0pt;margin-bottom:0.0pt;\"><span style=\"font-size:7.2pt;font-family:'Google Sans';color:#000000;background-color:transparent;font-weight:400;font-style:normal;font-variant:normal;text-decoration:none;vertical-align:baseline;white-space:pre;white-space:pre-wrap;\">First of all you're not allowed to feel that way 😒<\/span><\/p><p dir=\"ltr\" style=\"line-height:1.38;margin-top:0.0pt;margin-bottom:0.0pt;\"><span style=\"font-size:7.2pt;font-family:'Google Sans';color:#000000;background-color:transparent;font-weight:400;font-style:normal;font-variant:normal;text-decoration:none;vertical-align:baseline;white-space:pre;white-space:pre-wrap;\">But then again if you're here then you're going through that feeling which makes me really upset 😕<\/span><\/p><br /><p dir=\"ltr\" style=\"line-height:1.38;margin-top:0.0pt;margin-bottom:0.0pt;\"><span style=\"font-size:7.2pt;font-family:'Google Sans';color:#000000;background-color:transparent;font-weight:400;font-style:normal;font-variant:normal;text-decoration:none;vertical-align:baseline;white-space:pre;white-space:pre-wrap;\">I wish I could show you how perfect you're in many ways, you ask what do I like in you, right?&nbsp;<\/span><\/p><p dir=\"ltr\" style=\"line-height:1.38;margin-top:0.0pt;margin-bottom:0.0pt;\"><span style=\"font-size:7.2pt;font-family:'Google Sans';color:#000000;background-color:transparent;font-weight:400;font-style:normal;font-variant:normal;text-decoration:none;vertical-align:baseline;white-space:pre;white-space:pre-wrap;\">So I've had male classmates/friends/colleagues all my life and I've had interaction, after most of the conversation which I've had left me wondering &quot;seriously yeh aise sochta hai!?&quot;, and till date there hasn't been a single conversation which made me feel like that about you even though when we both come from different cultural backgrounds, have different set of upbringing yet you always gave me the vibes, I always wanted in my partner 🤧&nbsp;<\/span><\/p><br /><p dir=\"ltr\" style=\"line-height:1.38;margin-top:0.0pt;margin-bottom:0.0pt;\"><span style=\"font-size:7.2pt;font-family:'Google Sans';color:#000000;background-color:transparent;font-weight:400;font-style:normal;font-variant:normal;text-decoration:none;vertical-align:baseline;white-space:pre;white-space:pre-wrap;\">Not just that, you're so well behaved 😭 you've never raised your voice infront of me, you're such a sweetheart 😭🩷<\/span><\/p><br /><p dir=\"ltr\" style=\"line-height:1.38;margin-top:0.0pt;margin-bottom:0.0pt;\"><span style=\"font-size:7.2pt;font-family:'Google Sans';color:#000000;background-color:transparent;font-weight:400;font-style:normal;font-variant:normal;text-decoration:none;vertical-align:baseline;white-space:pre;white-space:pre-wrap;\">Have you seen yourself!!? Your eyess 😭😭 they're the prettiest eyes I've ever seen 😭 your voice toh ufff 😭 I'm literally in love with your voice 🥺&nbsp;<\/span><\/p><p dir=\"ltr\" style=\"line-height:1.38;margin-top:0.0pt;margin-bottom:0.0pt;\"><span style=\"font-size:7.2pt;font-family:'Google Sans';color:#000000;background-color:transparent;font-weight:400;font-style:normal;font-variant:normal;text-decoration:none;vertical-align:baseline;white-space:pre;white-space:pre-wrap;\">Your hairs, your lips, your smile 😭🩷 you even got a perfect nose and still you have the audacity to say &quot;bs awein kehti hai aap&quot; 🥹😏<\/span><\/p><br /><p dir=\"ltr\" style=\"line-height:1.38;margin-top:0.0pt;margin-bottom:0.0pt;\"><span style=\"font-size:7.2pt;font-family:'Google Sans';color:#000000;background-color:transparent;font-weight:400;font-style:normal;font-variant:normal;text-decoration:none;vertical-align:baseline;white-space:pre;white-space:pre-wrap;\">I don't know about others but you're perfect to me! yes I do get angry but that doesn't mean that I stopped seeing you that way 😭&nbsp;<\/span><\/p><p dir=\"ltr\" style=\"line-height:1.38;margin-top:0.0pt;margin-bottom:0.0pt;\"><span style=\"font-size:7.2pt;font-family:'Google Sans';color:#000000;background-color:transparent;font-weight:400;font-style:normal;font-variant:normal;text-decoration:none;vertical-align:baseline;white-space:pre;white-space:pre-wrap;\">I love you so much you're the best and your mommy's so proud of you babyboi! 🤧🫣<\/span><\/p>","labels":[{"name":"Letters 💌"}]}