{"attachments":[{"filePath":"196b58eeecf.bfd61c84bd4896bf.png","mimetype":"image/png"}],"color":"DEFAULT","isTrashed":false,"isPinned":false,"isArchived":true,"textContent":"Only God knows if we ever get to meet in person or will things end even before I could see you right in your eyes, feel your skin against mine or even get a chance to breathe the same air as yours 🥺\n\nI don't have any idea as of now that how are things going to work out, I don't want to give up on us Umair, joh couples ke beech itne sare problems hote unko tak lgta hai ki sath reh kr sb thik ho jayega, just imagine how happy and at peace we both would be if we get to stay together 🥺 \n\nFew months back, every night, I used to imagine the very same image of us meeting at the airport and it would feel so overwhelming ki kya hi batayen 🤧 \nThe way I look for you in the crowd and the moment I find you and come running to you, we look into each other's eyes and pause for a minute or two, then come closer, we get emotional and hug each other, that one hug and it takes away all the pain, hardships and chaos we've dealth with! \nI start crying, you wipe my tears then we laugh later I take you to the cab, there you hold my hands for the first time, that feeling would be out of the world 🥺 we get into our hotel room or our home, we sit together, first at distance then slowly we come closer and then we never ever leave each other's company 😭 I want to be with you every single minute that's how much I love you! 🥺🩷\n\nI hope and pray that God listens to us. 🥺","title":"Open when you're imagining our first meeting.","userEditedTimestampUsec":1748499698506000,"createdTimestampUsec":1746799908861000,"textContentHtml":"<p dir=\"ltr\" style=\"line-height:1.38;margin-top:0.0pt;margin-bottom:0.0pt;\"><span style=\"font-size:7.2pt;font-family:'Google Sans';color:#000000;background-color:transparent;font-weight:400;font-style:normal;font-variant:normal;text-decoration:none;vertical-align:baseline;white-space:pre;white-space:pre-wrap;\">Only God knows if we ever get to meet in person or will things end even before I could see you right in your eyes, feel your skin against mine or even get a chance to breathe the same air as yours 🥺<\/span><\/p><br /><p dir=\"ltr\" style=\"line-height:1.38;margin-top:0.0pt;margin-bottom:0.0pt;\"><span style=\"font-size:7.2pt;font-family:'Google Sans';color:#000000;background-color:transparent;font-weight:400;font-style:normal;font-variant:normal;text-decoration:none;vertical-align:baseline;white-space:pre;white-space:pre-wrap;\">I don't have any idea as of now that how are things going to work out, I don't want to give up on us Umair, joh couples ke beech itne sare problems hote unko tak lgta hai ki sath reh kr sb thik ho jayega, just imagine how happy and at peace we both would be if we get to stay together 🥺&nbsp;<\/span><\/p><br /><p dir=\"ltr\" style=\"line-height:1.38;margin-top:0.0pt;margin-bottom:0.0pt;\"><span style=\"font-size:7.2pt;font-family:'Google Sans';color:#000000;background-color:transparent;font-weight:400;font-style:normal;font-variant:normal;text-decoration:none;vertical-align:baseline;white-space:pre;white-space:pre-wrap;\">Few months back, every night, I used to imagine the very same image of us meeting at the airport and it would feel so overwhelming ki kya hi batayen 🤧&nbsp;<\/span><\/p><p dir=\"ltr\" style=\"line-height:1.38;margin-top:0.0pt;margin-bottom:0.0pt;\"><span style=\"font-size:7.2pt;font-family:'Google Sans';color:#000000;background-color:transparent;font-weight:400;font-style:normal;font-variant:normal;text-decoration:none;vertical-align:baseline;white-space:pre;white-space:pre-wrap;\">The way I look for you in the crowd and the moment I find you and come running to you, we look into each other's eyes and pause for a minute or two, then come closer, we get emotional and hug each other, that one hug and it takes away all the pain, hardships and chaos we've dealth with!&nbsp;<\/span><\/p><p dir=\"ltr\" style=\"line-height:1.38;margin-top:0.0pt;margin-bottom:0.0pt;\"><span style=\"font-size:7.2pt;font-family:'Google Sans';color:#000000;background-color:transparent;font-weight:400;font-style:normal;font-variant:normal;text-decoration:none;vertical-align:baseline;white-space:pre;white-space:pre-wrap;\">I start crying, you wipe my tears then we laugh later I take you to the cab, there you hold my hands for the first time, that feeling would be out of the world 🥺 we get into our hotel room or our home, we sit together, first at distance then slowly we come closer and then we never ever leave each other's company 😭 I want to be with you every single minute that's how much I love you! 🥺🩷<\/span><\/p><br /><p dir=\"ltr\" style=\"line-height:1.38;margin-top:0.0pt;margin-bottom:0.0pt;\"><span style=\"font-size:7.2pt;font-family:'Google Sans';color:#000000;background-color:transparent;font-weight:400;font-style:normal;font-variant:normal;text-decoration:none;vertical-align:baseline;white-space:pre;white-space:pre-wrap;\">I hope and pray that God listens to us. 🥺<\/span><\/p>","labels":[{"name":"Letters 💌"}]}