{"attachments":[{"filePath":"196b5ab6992.99af56260d68dab8.png","mimetype":"image/png"}],"color":"DEFAULT","isTrashed":false,"isPinned":false,"isArchived":true,"textContent":"I hope and pray that you get to come here often! 👀\nI want you to celebrate every big or small achievement and celebrating doesn't mean eating out at KFC 😏\n\nI want you to be happy for yourself, be proud of yourself and love yourself the way you are! ","title":"Open when you're celebrating something.","userEditedTimestampUsec":1747241222127000,"createdTimestampUsec":1746799909099000,"textContentHtml":"<p dir=\"ltr\" style=\"line-height:1.38;margin-top:0.0pt;margin-bottom:0.0pt;\"><span style=\"font-size:7.2pt;font-family:'Google Sans';color:#000000;background-color:transparent;font-weight:400;font-style:normal;font-variant:normal;text-decoration:none;vertical-align:baseline;white-space:pre;white-space:pre-wrap;\">I hope and pray that you get to come here often! 👀<\/span><\/p><p dir=\"ltr\" style=\"line-height:1.38;margin-top:0.0pt;margin-bottom:0.0pt;\"><span style=\"font-size:7.2pt;font-family:'Google Sans';color:#000000;background-color:transparent;font-weight:400;font-style:normal;font-variant:normal;text-decoration:none;vertical-align:baseline;white-space:pre;white-space:pre-wrap;\">I want you to celebrate every big or small achievement and celebrating doesn't mean eating out at KFC 😏<\/span><\/p><br /><p dir=\"ltr\" style=\"line-height:1.38;margin-top:0.0pt;margin-bottom:0.0pt;\"><span style=\"font-size:7.2pt;font-family:'Google Sans';color:#000000;background-color:transparent;font-weight:400;font-style:normal;font-variant:normal;text-decoration:none;vertical-align:baseline;white-space:pre;white-space:pre-wrap;\">I want you to be happy for yourself, be proud of yourself and love yourself the way you are! <\/span><\/p>","labels":[{"name":"Letters 💌"}]}