{"attachments":[{"filePath":"196b58ffeb4.9443cb87e0199b1a.png","mimetype":"image/png"}],"color":"DEFAULT","isTrashed":false,"isPinned":false,"isArchived":true,"textContent":"Every now and then I see you questioning your self worth and today if you're here, then it's one such day!\nEveryone of us are built like that we tend to look down upon us and that's totally fine until you start believing in it. \nAnd me being in love with you can't let you believe in something that's not even true, you have no idea how precious you are Umair! Not just to me but also to your family and your friends, they might not be that expressive about this but I'm sure that they too might be really proud of you. \n\nIt's not been long enough but I've known you inside out and I know your story, all I can see is a man who has gone through different sets of emotional turmoil but still has managed to work through it, who's well raised, who knows how to respect others, who tries his best not to hurt someone he cares about and there's so much more I just can't put them into words 😕\n\nYou put in so much effort working to build a future for yourself, your family, you're not reckless like any other boy in his early 20s, you're emotionally intelligent and available which is the most attractive thing a man can possess.\n\nYou have no idea your mere existence brings so much happiness to me, if you feel the same about me I pray that we continue to see each other this way. \n\nSo remember that if not anyone suvi will always be proud of you 🩷","title":"Open when you need a reminder of your worth.","userEditedTimestampUsec":1746935432143000,"createdTimestampUsec":1746799909084000,"textContentHtml":"<p dir=\"ltr\" style=\"line-height:1.38;margin-top:0.0pt;margin-bottom:0.0pt;\"><span style=\"font-size:7.2pt;font-family:'Google Sans';color:#000000;background-color:transparent;font-weight:400;font-style:normal;font-variant:normal;text-decoration:none;vertical-align:baseline;white-space:pre;white-space:pre-wrap;\">Every now and then I see you questioning your self worth and today if you're here, then it's one such day!<\/span><\/p><p dir=\"ltr\" style=\"line-height:1.38;margin-top:0.0pt;margin-bottom:0.0pt;\"><span style=\"font-size:7.2pt;font-family:'Google Sans';color:#000000;background-color:transparent;font-weight:400;font-style:normal;font-variant:normal;text-decoration:none;vertical-align:baseline;white-space:pre;white-space:pre-wrap;\">Everyone of us are built like that we tend to look down upon us and that's totally fine until you start believing in it.&nbsp;<\/span><\/p><p dir=\"ltr\" style=\"line-height:1.38;margin-top:0.0pt;margin-bottom:0.0pt;\"><span style=\"font-size:7.2pt;font-family:'Google Sans';color:#000000;background-color:transparent;font-weight:400;font-style:normal;font-variant:normal;text-decoration:none;vertical-align:baseline;white-space:pre;white-space:pre-wrap;\">And me being in love with you can't let you believe in something that's not even true, you have no idea how precious you are Umair! Not just to me but also to your family and your friends, they might not be that expressive about this but I'm sure that they too might be really proud of you.&nbsp;<\/span><\/p><br /><p dir=\"ltr\" style=\"line-height:1.38;margin-top:0.0pt;margin-bottom:0.0pt;\"><span style=\"font-size:7.2pt;font-family:'Google Sans';color:#000000;background-color:transparent;font-weight:400;font-style:normal;font-variant:normal;text-decoration:none;vertical-align:baseline;white-space:pre;white-space:pre-wrap;\">It's not been long enough but I've known you inside out and I know your story, all I can see is a man who has gone through different sets of emotional turmoil but still has managed to work through it, who's well raised, who knows how to respect others, who tries his best not to hurt someone he cares about and there's so much more I just can't put them into words 😕<\/span><\/p><br /><p dir=\"ltr\" style=\"line-height:1.38;margin-top:0.0pt;margin-bottom:0.0pt;\"><span style=\"font-size:7.2pt;font-family:'Google Sans';color:#000000;background-color:transparent;font-weight:400;font-style:normal;font-variant:normal;text-decoration:none;vertical-align:baseline;white-space:pre;white-space:pre-wrap;\">You put in so much effort working to build a future for yourself, your family, you're not reckless like any other boy in his early 20s, you're emotionally intelligent and available which is the most attractive thing a man can possess.<\/span><\/p><br /><p dir=\"ltr\" style=\"line-height:1.38;margin-top:0.0pt;margin-bottom:0.0pt;\"><span style=\"font-size:7.2pt;font-family:'Google Sans';color:#000000;background-color:transparent;font-weight:400;font-style:normal;font-variant:normal;text-decoration:none;vertical-align:baseline;white-space:pre;white-space:pre-wrap;\">You have no idea your mere existence brings so much happiness to me, if you feel the same about me I pray that we continue to see each other this way.&nbsp;<\/span><\/p><br /><p dir=\"ltr\" style=\"line-height:1.38;margin-top:0.0pt;margin-bottom:0.0pt;\"><span style=\"font-size:7.2pt;font-family:'Google Sans';color:#000000;background-color:transparent;font-weight:400;font-style:normal;font-variant:normal;text-decoration:none;vertical-align:baseline;white-space:pre;white-space:pre-wrap;\">So remember that if not anyone suvi will always be proud of you 🩷<\/span><\/p>","labels":[{"name":"Letters 💌"}]}