{"attachments":[{"filePath":"196b5aba54a.a8ef70e95927d3e8.png","mimetype":"image/png"}],"color":"DEFAULT","isTrashed":false,"isPinned":false,"isArchived":true,"textContent":"If you're opening this, I hope you're already smiling, because just thinking of you brings the biggest, goofiest grin to my face. 🤭\n\nBut okay, let\u2019s be real\u2026\nRemember those video calls where I couldn't stop smiling  when you used to sing for me or your half-asleep voice? 🫣\nOr when I'd randomly go \"I love you\" like ten times in a row, especially on those days when my hormones decided to turn me into a clingy love-struck mess? Yeah\u2026 that version of me was extra, but also very real. And you never once made me feel weird about it. You just behaved more obsessed than me and somehow I fell harder.😭🩷\n\nYou've seen me soft, sleepy, chatty, dramatic, and completely in love, and you say my smile is your favorite. So here I am, sending you some of that same energy back. 👀\n\nSo if today feels heavy, or if you're just tired of the world...pause. 🤧\nTake a deep breath.🥺\nSmile.🤭\nBecause I\u2019m here, loving you from across the distance and saving up all my best smiles just for you.😌🤭\n\nYou\u2019re my favorite laugh, my favorite call, my favorite comfort. 🩷\n\nNow go drink some water, send me a snap, and don\u2019t do anything dumb.\n(Unless it\u2019s something dumb with me.) 🫣","title":"Open when you need a laugh.","userEditedTimestampUsec":1748500706050000,"createdTimestampUsec":1746799909125000,"textContentHtml":"<p dir=\"ltr\" style=\"line-height:1.38;margin-top:0.0pt;margin-bottom:0.0pt;\"><span style=\"font-size:7.2pt;font-family:'Google Sans';color:#000000;background-color:transparent;font-weight:400;font-style:normal;font-variant:normal;text-decoration:none;vertical-align:baseline;white-space:pre;white-space:pre-wrap;\">If you're opening this, I hope you're already smiling, because just thinking of you brings the biggest, goofiest grin to my face. 🤭<\/span><\/p><br /><p dir=\"ltr\" style=\"line-height:1.38;margin-top:0.0pt;margin-bottom:0.0pt;\"><span style=\"font-size:7.2pt;font-family:'Google Sans';color:#000000;background-color:transparent;font-weight:400;font-style:normal;font-variant:normal;text-decoration:none;vertical-align:baseline;white-space:pre;white-space:pre-wrap;\">But okay, let&rsquo;s be real\u2026<\/span><\/p><p dir=\"ltr\" style=\"line-height:1.38;margin-top:0.0pt;margin-bottom:0.0pt;\"><span style=\"font-size:7.2pt;font-family:'Google Sans';color:#000000;background-color:transparent;font-weight:400;font-style:normal;font-variant:normal;text-decoration:none;vertical-align:baseline;white-space:pre;white-space:pre-wrap;\">Remember those video calls where I couldn't stop smiling&nbsp; when you used to sing for me or your half-asleep voice? 🫣<\/span><\/p><p dir=\"ltr\" style=\"line-height:1.38;margin-top:0.0pt;margin-bottom:0.0pt;\"><span style=\"font-size:7.2pt;font-family:'Google Sans';color:#000000;background-color:transparent;font-weight:400;font-style:normal;font-variant:normal;text-decoration:none;vertical-align:baseline;white-space:pre;white-space:pre-wrap;\">Or when I'd randomly go &quot;I love you&quot; like ten times in a row, especially on those days when my hormones decided to turn me into a clingy love-struck mess? Yeah\u2026 that version of me was extra, but also very real. And you never once made me feel weird about it. You just behaved more obsessed than me and somehow I fell harder.😭🩷<\/span><\/p><br /><p dir=\"ltr\" style=\"line-height:1.38;margin-top:0.0pt;margin-bottom:0.0pt;\"><span style=\"font-size:7.2pt;font-family:'Google Sans';color:#000000;background-color:transparent;font-weight:400;font-style:normal;font-variant:normal;text-decoration:none;vertical-align:baseline;white-space:pre;white-space:pre-wrap;\">You've seen me soft, sleepy, chatty, dramatic, and completely in love, and you say my smile is your favorite. So here I am, sending you some of that same energy back. 👀<\/span><\/p><br /><p dir=\"ltr\" style=\"line-height:1.38;margin-top:0.0pt;margin-bottom:0.0pt;\"><span style=\"font-size:7.2pt;font-family:'Google Sans';color:#000000;background-color:transparent;font-weight:400;font-style:normal;font-variant:normal;text-decoration:none;vertical-align:baseline;white-space:pre;white-space:pre-wrap;\">So if today feels heavy, or if you're just tired of the world...pause. 🤧<\/span><\/p><p dir=\"ltr\" style=\"line-height:1.38;margin-top:0.0pt;margin-bottom:0.0pt;\"><span style=\"font-size:7.2pt;font-family:'Google Sans';color:#000000;background-color:transparent;font-weight:400;font-style:normal;font-variant:normal;text-decoration:none;vertical-align:baseline;white-space:pre;white-space:pre-wrap;\">Take a deep breath.🥺<\/span><\/p><p dir=\"ltr\" style=\"line-height:1.38;margin-top:0.0pt;margin-bottom:0.0pt;\"><span style=\"font-size:7.2pt;font-family:'Google Sans';color:#000000;background-color:transparent;font-weight:400;font-style:normal;font-variant:normal;text-decoration:none;vertical-align:baseline;white-space:pre;white-space:pre-wrap;\">Smile.🤭<\/span><\/p><p dir=\"ltr\" style=\"line-height:1.38;margin-top:0.0pt;margin-bottom:0.0pt;\"><span style=\"font-size:7.2pt;font-family:'Google Sans';color:#000000;background-color:transparent;font-weight:400;font-style:normal;font-variant:normal;text-decoration:none;vertical-align:baseline;white-space:pre;white-space:pre-wrap;\">Because I&rsquo;m here, loving you from across the distance and saving up all my best smiles just for you.😌🤭<\/span><\/p><br /><p dir=\"ltr\" style=\"line-height:1.38;margin-top:0.0pt;margin-bottom:0.0pt;\"><span style=\"font-size:7.2pt;font-family:'Google Sans';color:#000000;background-color:transparent;font-weight:400;font-style:normal;font-variant:normal;text-decoration:none;vertical-align:baseline;white-space:pre;white-space:pre-wrap;\">You&rsquo;re my favorite laugh, my favorite call, my favorite comfort. 🩷<\/span><\/p><br /><p dir=\"ltr\" style=\"line-height:1.38;margin-top:0.0pt;margin-bottom:0.0pt;\"><span style=\"font-size:7.2pt;font-family:'Google Sans';color:#000000;background-color:transparent;font-weight:400;font-style:normal;font-variant:normal;text-decoration:none;vertical-align:baseline;white-space:pre;white-space:pre-wrap;\">Now go drink some water, send me a snap, and don&rsquo;t do anything dumb.<\/span><\/p><p dir=\"ltr\" style=\"line-height:1.38;margin-top:0.0pt;margin-bottom:0.0pt;\"><span style=\"font-size:7.2pt;font-family:'Google Sans';color:#000000;background-color:transparent;font-weight:400;font-style:normal;font-variant:normal;text-decoration:none;vertical-align:baseline;white-space:pre;white-space:pre-wrap;\">(Unless it&rsquo;s something dumb with me.) 🫣<\/span><\/p>","labels":[{"name":"Letters 💌"}]}