{"attachments":[{"filePath":"196b58bdedf.b11e263a09565351.png","mimetype":"image/png"}],"color":"DEFAULT","isTrashed":false,"isPinned":false,"isArchived":true,"textContent":"Look who's here 👀\nI know that you've a pretty girlfriend and you might want to kiss her every single minute, don't you? 😬🤧😂\nWell as we're far we can just kiss eachother through our phone screen, which.. we do most of the times after seeing eachother's snaps! That's mostly a cutesy kiss out of pure love but but but there are also such times when we really crave for a KISS, the kind of kiss which would leave us breathless 🫣 the kind of kiss which wouldn't allow us to keep our hands to ourselves, the kind of kiss which we might start slow but end up sucking eachother's tongue which would later lead to sucking...okay okay I won't go there 🫣 so just thinking about this turns me on wonder what'd happen to me when this actually happens 😭 \n\nIf you're here then talk to me, tell me how much you crave for me, trust me, I love that the most 🤧🫣\n\nI love you and I TOO WANT TO KISS YOU SO BAD 😭\n","title":"Open when you're craving a kiss.","userEditedTimestampUsec":1747927396131000,"createdTimestampUsec":1746799910768000,"textContentHtml":"<p dir=\"ltr\" style=\"line-height:1.38;margin-top:0.0pt;margin-bottom:0.0pt;\"><span style=\"font-size:7.2pt;font-family:'Google Sans';color:#000000;background-color:transparent;font-weight:400;font-style:normal;font-variant:normal;text-decoration:none;vertical-align:baseline;white-space:pre;white-space:pre-wrap;\">Look who's here 👀<\/span><\/p><p dir=\"ltr\" style=\"line-height:1.38;margin-top:0.0pt;margin-bottom:0.0pt;\"><span style=\"font-size:7.2pt;font-family:'Google Sans';color:#000000;background-color:transparent;font-weight:400;font-style:normal;font-variant:normal;text-decoration:none;vertical-align:baseline;white-space:pre;white-space:pre-wrap;\">I know that you've a pretty girlfriend and you might want to kiss her every single minute, don't you? 😬🤧😂<\/span><\/p><p dir=\"ltr\" style=\"line-height:1.38;margin-top:0.0pt;margin-bottom:0.0pt;\"><span style=\"font-size:7.2pt;font-family:'Google Sans';color:#000000;background-color:transparent;font-weight:400;font-style:normal;font-variant:normal;text-decoration:none;vertical-align:baseline;white-space:pre;white-space:pre-wrap;\">Well as we're far we can just kiss eachother through our phone screen, which.. we do most of the times after seeing eachother's snaps! That's mostly a cutesy kiss out of pure love but but but there are also such times when we really crave for a KISS, the kind of kiss which would leave us breathless 🫣 the kind of kiss which wouldn't allow us to keep our hands to ourselves, the kind of kiss which we might start slow but end up sucking eachother's tongue which would later lead to sucking...okay okay I won't go there 🫣 so just thinking about this turns me on wonder what'd happen to me when this actually happens 😭&nbsp;<\/span><\/p><br /><p dir=\"ltr\" style=\"line-height:1.38;margin-top:0.0pt;margin-bottom:0.0pt;\"><span style=\"font-size:7.2pt;font-family:'Google Sans';color:#000000;background-color:transparent;font-weight:400;font-style:normal;font-variant:normal;text-decoration:none;vertical-align:baseline;white-space:pre;white-space:pre-wrap;\">If you're here then talk to me, tell me how much you crave for me, trust me, I love that the most 🤧🫣<\/span><\/p><br /><p dir=\"ltr\" style=\"line-height:1.38;margin-top:0.0pt;margin-bottom:0.0pt;\"><span style=\"font-size:7.2pt;font-family:'Google Sans';color:#000000;background-color:transparent;font-weight:400;font-style:normal;font-variant:normal;text-decoration:none;vertical-align:baseline;white-space:pre;white-space:pre-wrap;\">I love you and I TOO WANT TO KISS YOU SO BAD 😭<\/span><\/p>","labels":[{"name":"Letters 💌"}]}