{"attachments":[{"filePath":"196b59346a6.8b46d7ec6afed92b.png","mimetype":"image/png"}],"color":"DEFAULT","isTrashed":false,"isPinned":false,"isArchived":true,"textContent":"It\u2019s okay to feel like this. Everyone has those days, when nothing clicks, when the smallest tasks feel heavy, and when motivation seems to vanish. I know how strong and driven you usually are, so if you're feeling off right now, please don\u2019t be too hard on yourself.\n\nYou\u2019re allowed to rest. You\u2019re allowed to slow down.\nThis moment doesn\u2019t define you...it\u2019s just a pause, not a full stop.\n\nEven when things might not seem going according to your plan, you\u2019re still growing. You\u2019re still becoming. Rest is part of the process, too. \n\nI believe in you...completely! 🩷 Not just when you're achieving, but also when you're struggling. You\u2019ve come so far already, and I know you\u2019ll find your rhythm again. Until then, be kind to yourself. Take a deep breath. Do one small thing, and let that be enough for today.\n\nAnd if you need a reminder,\nYou're capable. You're loved. And you're not alone in this. 😌🤧🩷\n\nI'm proud of you..always!!! 👀","title":"Open when you're feeling unmotivated.","userEditedTimestampUsec":1747643957810000,"createdTimestampUsec":1746799909154000,"textContentHtml":"<p dir=\"ltr\" style=\"line-height:1.38;margin-top:0.0pt;margin-bottom:0.0pt;\"><span style=\"font-size:7.2pt;font-family:'Google Sans';color:#000000;background-color:transparent;font-weight:400;font-style:normal;font-variant:normal;text-decoration:none;vertical-align:baseline;white-space:pre;white-space:pre-wrap;\">It&rsquo;s okay to feel like this. Everyone has those days, when nothing clicks, when the smallest tasks feel heavy, and when motivation seems to vanish. I know how strong and driven you usually are, so if you're feeling off right now, please don&rsquo;t be too hard on yourself.<\/span><\/p><br /><p dir=\"ltr\" style=\"line-height:1.38;margin-top:0.0pt;margin-bottom:0.0pt;\"><span style=\"font-size:7.2pt;font-family:'Google Sans';color:#000000;background-color:transparent;font-weight:400;font-style:normal;font-variant:normal;text-decoration:none;vertical-align:baseline;white-space:pre;white-space:pre-wrap;\">You&rsquo;re allowed to rest. You&rsquo;re allowed to slow down.<\/span><\/p><p dir=\"ltr\" style=\"line-height:1.38;margin-top:0.0pt;margin-bottom:0.0pt;\"><span style=\"font-size:7.2pt;font-family:'Google Sans';color:#000000;background-color:transparent;font-weight:400;font-style:normal;font-variant:normal;text-decoration:none;vertical-align:baseline;white-space:pre;white-space:pre-wrap;\">This moment doesn&rsquo;t define you...it&rsquo;s just a pause, not a full stop.<\/span><\/p><br /><p dir=\"ltr\" style=\"line-height:1.38;margin-top:0.0pt;margin-bottom:0.0pt;\"><span style=\"font-size:7.2pt;font-family:'Google Sans';color:#000000;background-color:transparent;font-weight:400;font-style:normal;font-variant:normal;text-decoration:none;vertical-align:baseline;white-space:pre;white-space:pre-wrap;\">Even when things might not seem going according to your plan, you&rsquo;re still growing. You&rsquo;re still becoming. Rest is part of the process, too.&nbsp;<\/span><\/p><br /><p dir=\"ltr\" style=\"line-height:1.38;margin-top:0.0pt;margin-bottom:0.0pt;\"><span style=\"font-size:7.2pt;font-family:'Google Sans';color:#000000;background-color:transparent;font-weight:400;font-style:normal;font-variant:normal;text-decoration:none;vertical-align:baseline;white-space:pre;white-space:pre-wrap;\">I believe in you...completely! 🩷 Not just when you're achieving, but also when you're struggling. You&rsquo;ve come so far already, and I know you&rsquo;ll find your rhythm again. Until then, be kind to yourself. Take a deep breath. Do one small thing, and let that be enough for today.<\/span><\/p><br /><p dir=\"ltr\" style=\"line-height:1.38;margin-top:0.0pt;margin-bottom:0.0pt;\"><span style=\"font-size:7.2pt;font-family:'Google Sans';color:#000000;background-color:transparent;font-weight:400;font-style:normal;font-variant:normal;text-decoration:none;vertical-align:baseline;white-space:pre;white-space:pre-wrap;\">And if you need a reminder,<\/span><\/p><p dir=\"ltr\" style=\"line-height:1.38;margin-top:0.0pt;margin-bottom:0.0pt;\"><span style=\"font-size:7.2pt;font-family:'Google Sans';color:#000000;background-color:transparent;font-weight:400;font-style:normal;font-variant:normal;text-decoration:none;vertical-align:baseline;white-space:pre;white-space:pre-wrap;\">You're capable. You're loved. And you're not alone in this. 😌🤧🩷<\/span><\/p><br /><p dir=\"ltr\" style=\"line-height:1.38;margin-top:0.0pt;margin-bottom:0.0pt;\"><span style=\"font-size:7.2pt;font-family:'Google Sans';color:#000000;background-color:transparent;font-weight:400;font-style:normal;font-variant:normal;text-decoration:none;vertical-align:baseline;white-space:pre;white-space:pre-wrap;\">I'm proud of you..always!!! 👀<\/span><\/p>","labels":[{"name":"Letters 💌"}]}