{"attachments":[{"filePath":"196b58a53a8.a82631580eef0c5c.png","mimetype":"image/png"}],"color":"DEFAULT","isTrashed":false,"isPinned":false,"isArchived":true,"textContent":"I hope you come here every once in a while 🫣 I mean I'd love when you'd want to feel close to me, it gets very hard at times to control the urge of being together physically but there are times when we grow emotionally distant, and that's when I want you to be here the most, to remind you that even when you feel so I'm (and I should be) the closest person in your life 😭 \n\nEven when we get busy and aren't able to talk much, I want you to know that I'm here whenever you need me, all you need to do is be there, still!! And your suvi will give you all the love you deserve! ","title":"Open when you want to feel close to me.","userEditedTimestampUsec":1746888690793000,"createdTimestampUsec":1746799938593000,"textContentHtml":"<p dir=\"ltr\" style=\"line-height:1.38;margin-top:0.0pt;margin-bottom:0.0pt;\"><span style=\"font-size:7.2pt;font-family:'Google Sans';color:#000000;background-color:transparent;font-weight:400;font-style:normal;font-variant:normal;text-decoration:none;vertical-align:baseline;white-space:pre;white-space:pre-wrap;\">I hope you come here every once in a while 🫣 I mean I'd love when you'd want to feel close to me, it gets very hard at times to control the urge of being together physically but there are times when we grow emotionally distant, and that's when I want you to be here the most, to remind you that even when you feel so I'm (and I should be) the closest person in your life 😭&nbsp;<\/span><\/p><br /><p dir=\"ltr\" style=\"line-height:1.38;margin-top:0.0pt;margin-bottom:0.0pt;\"><span style=\"font-size:7.2pt;font-family:'Google Sans';color:#000000;background-color:transparent;font-weight:400;font-style:normal;font-variant:normal;text-decoration:none;vertical-align:baseline;white-space:pre;white-space:pre-wrap;\">Even when we get busy and aren't able to talk much, I want you to know that I'm here whenever you need me, all you need to do is be there, still!! And your suvi will give you all the love you deserve! <\/span><\/p>","labels":[{"name":"Letters 💌"}]}