{"attachments":[{"filePath":"196b5969a25.a5b449deabc9bb28.png","mimetype":"image/png"}],"color":"DEFAULT","isTrashed":false,"isPinned":false,"isArchived":true,"textContent":"I just wish you never come here I don't want you to have such day, I wish more than anything that I could be there to hold your hand through it. Though we haven\u2019t met  in person, and it's been just 8 months (till the day I'm writing this) but somehow, you\u2019ve already become one of the most important people in my world.\n\nEven on the tough days...especially on the tough days...I want you to remember this, you are not alone. I\u2019m out here thinking of you, cheering you on, praying for your peace. We may be miles apart, but I care for you a lot maybe more than people who are close to you 🥺\n\nYou don\u2019t have to have it all figured out today. It\u2019s okay to pause, cry, or even just sit in silence. What matters is that you keep going and you will, because I know your strength, even if you forget it sometimes.\n\nWhenever you're ready, look up. The sky we both share is still above you, and I'm under it too, loving you from a distance, until the day we finally meet.\n\nTake care of your heart today, for me and for you! 🥺🩷\n\n","title":"Open when you're having a bad day.","userEditedTimestampUsec":1747327221910000,"createdTimestampUsec":1746799591023000,"textContentHtml":"<p dir=\"ltr\" style=\"line-height:1.38;margin-top:0.0pt;margin-bottom:0.0pt;\"><span style=\"font-size:7.2pt;font-family:'Google Sans';color:#000000;background-color:transparent;font-weight:400;font-style:normal;font-variant:normal;text-decoration:none;vertical-align:baseline;white-space:pre;white-space:pre-wrap;\">I just wish you never come here I don't want you to have such day, I wish more than anything that I could be there to hold your hand through it. Though we haven&rsquo;t met&nbsp; in person, and it's been just 8 months (till the day I'm writing this) but somehow, you&rsquo;ve already become one of the most important people in my world.<\/span><\/p><br /><p dir=\"ltr\" style=\"line-height:1.38;margin-top:0.0pt;margin-bottom:0.0pt;\"><span style=\"font-size:7.2pt;font-family:'Google Sans';color:#000000;background-color:transparent;font-weight:400;font-style:normal;font-variant:normal;text-decoration:none;vertical-align:baseline;white-space:pre;white-space:pre-wrap;\">Even on the tough days...especially on the tough days...I want you to remember this, you are not alone. I&rsquo;m out here thinking of you, cheering you on, praying for your peace. We may be miles apart, but I care for you a lot maybe more than people who are close to you 🥺<\/span><\/p><br /><p dir=\"ltr\" style=\"line-height:1.38;margin-top:0.0pt;margin-bottom:0.0pt;\"><span style=\"font-size:7.2pt;font-family:'Google Sans';color:#000000;background-color:transparent;font-weight:400;font-style:normal;font-variant:normal;text-decoration:none;vertical-align:baseline;white-space:pre;white-space:pre-wrap;\">You don&rsquo;t have to have it all figured out today. It&rsquo;s okay to pause, cry, or even just sit in silence. What matters is that you keep going and you will, because I know your strength, even if you forget it sometimes.<\/span><\/p><br /><p dir=\"ltr\" style=\"line-height:1.38;margin-top:0.0pt;margin-bottom:0.0pt;\"><span style=\"font-size:7.2pt;font-family:'Google Sans';color:#000000;background-color:transparent;font-weight:400;font-style:normal;font-variant:normal;text-decoration:none;vertical-align:baseline;white-space:pre;white-space:pre-wrap;\">Whenever you're ready, look up. The sky we both share is still above you, and I'm under it too, loving you from a distance, until the day we finally meet.<\/span><\/p><br /><p dir=\"ltr\" style=\"line-height:1.38;margin-top:0.0pt;margin-bottom:0.0pt;\"><span style=\"font-size:7.2pt;font-family:'Google Sans';color:#000000;background-color:transparent;font-weight:400;font-style:normal;font-variant:normal;text-decoration:none;vertical-align:baseline;white-space:pre;white-space:pre-wrap;\">Take care of your heart today, for me and for you! 🥺🩷<\/span><\/p><br />","labels":[{"name":"Letters 💌"}]}