{"attachments":[{"filePath":"196b58b1933.aee234f537b54175.png","mimetype":"image/png"}],"color":"DEFAULT","isTrashed":false,"isPinned":false,"isArchived":true,"textContent":"There are times when things feel a bit stagnant and I guess that's what has happened today 👀 which made you come here 👀\nSometimes even between us, our conversation feels monotonous so maybe you could get bored. But I want you to remember and acknowledge the fact that time mends it all, with little effort and patience we can overcome this phase for both of us 🥺 \nWhat matters is we both are in love with each other and we're not giving up no matter what 🤧","title":"Open when you're bored.","userEditedTimestampUsec":1748499234301000,"createdTimestampUsec":1746799938234000,"textContentHtml":"<p dir=\"ltr\" style=\"line-height:1.38;margin-top:0.0pt;margin-bottom:0.0pt;\"><span style=\"font-size:7.2pt;font-family:'Google Sans';color:#000000;background-color:transparent;font-weight:400;font-style:normal;font-variant:normal;text-decoration:none;vertical-align:baseline;white-space:pre;white-space:pre-wrap;\">There are times when things feel a bit stagnant and I guess that's what has happened today 👀 which made you come here 👀<\/span><\/p><p dir=\"ltr\" style=\"line-height:1.38;margin-top:0.0pt;margin-bottom:0.0pt;\"><span style=\"font-size:7.2pt;font-family:'Google Sans';color:#000000;background-color:transparent;font-weight:400;font-style:normal;font-variant:normal;text-decoration:none;vertical-align:baseline;white-space:pre;white-space:pre-wrap;\">Sometimes even between us, our conversation feels monotonous so maybe you could get bored. But I want you to remember and acknowledge the fact that time mends it all, with little effort and patience we can overcome this phase for both of us 🥺&nbsp;<\/span><\/p><p dir=\"ltr\" style=\"line-height:1.38;margin-top:0.0pt;margin-bottom:0.0pt;\"><span style=\"font-size:7.2pt;font-family:'Google Sans';color:#000000;background-color:transparent;font-weight:400;font-style:normal;font-variant:normal;text-decoration:none;vertical-align:baseline;white-space:pre;white-space:pre-wrap;\">What matters is we both are in love with each other and we're not giving up no matter what 🤧<\/span><\/p>","labels":[{"name":"Letters 💌"}]}