{"attachments":[{"filePath":"196b5b36e38.88a377d7116efdd2.png","mimetype":"image/png"}],"color":"DEFAULT","isTrashed":false,"isPinned":false,"isArchived":true,"textContent":"Umair, I don\u2019t know exactly what\u2019s going on right now, that made you come here, maybe it\u2019s stuff at home, worries about your career, or maybe you\u2019re just not feeling your best. Whatever it is, I want you to know that it\u2019s okay to feel overwhelmed sometimes. It doesn\u2019t make you weak. It makes you human.\n\nI know you try to stay strong, especially for the people around you. But please don\u2019t forget that you matter too. Your feelings, your peace, your health... all of it. You don\u2019t have to carry everything on your own. 🥺\n\nIf it\u2019s family stuff, I know how much you care and how hard it can be when things aren\u2019t going right. Just remember, you can love people without draining yourself for them. It\u2019s okay to take a step back when you need to.🤧\n\nIf it\u2019s your career or your future stressing you out, just breathe. You don\u2019t have to have all the answers right now. You\u2019re doing your best, and that\u2019s enough. One step at a time is still progress, even if it doesn\u2019t always feel like it.\n\nAnd if it\u2019s your health , I\u2019m really hoping you\u2019re taking care of yourself. Please don\u2019t push your body too hard. Rest is important, and you\u2019re allowed to slow down when you need to.\n\nYou\u2019re not alone in this. I\u2019m here. I believe in you. And I\u2019m proud of you...not just for what you do, but for who you are.🥺🩷\n\nSo take a break, drink some water, maybe step outside for a bit, talk to me 🤧 You\u2019ll be okay. I\u2019ve got your back, always!! 🩷\n","title":"Open when you're stressed or overwhelmed.","userEditedTimestampUsec":1748501158707000,"createdTimestampUsec":1746799681802000,"textContentHtml":"<p dir=\"ltr\" style=\"line-height:1.38;margin-top:0.0pt;margin-bottom:0.0pt;\"><span style=\"font-size:7.2pt;font-family:'Google Sans';color:#000000;background-color:transparent;font-weight:400;font-style:normal;font-variant:normal;text-decoration:none;vertical-align:baseline;white-space:pre;white-space:pre-wrap;\">Umair, I don&rsquo;t know exactly what&rsquo;s going on right now, that made you come here, maybe it&rsquo;s stuff at home, worries about your career, or maybe you&rsquo;re just not feeling your best. Whatever it is, I want you to know that it&rsquo;s okay to feel overwhelmed sometimes. It doesn&rsquo;t make you weak. It makes you human.<\/span><\/p><br /><p dir=\"ltr\" style=\"line-height:1.38;margin-top:0.0pt;margin-bottom:0.0pt;\"><span style=\"font-size:7.2pt;font-family:'Google Sans';color:#000000;background-color:transparent;font-weight:400;font-style:normal;font-variant:normal;text-decoration:none;vertical-align:baseline;white-space:pre;white-space:pre-wrap;\">I know you try to stay strong, especially for the people around you. But please don&rsquo;t forget that you matter too. Your feelings, your peace, your health... all of it. You don&rsquo;t have to carry everything on your own. 🥺<\/span><\/p><br /><p dir=\"ltr\" style=\"line-height:1.38;margin-top:0.0pt;margin-bottom:0.0pt;\"><span style=\"font-size:7.2pt;font-family:'Google Sans';color:#000000;background-color:transparent;font-weight:400;font-style:normal;font-variant:normal;text-decoration:none;vertical-align:baseline;white-space:pre;white-space:pre-wrap;\">If it&rsquo;s family stuff, I know how much you care and how hard it can be when things aren&rsquo;t going right. Just remember, you can love people without draining yourself for them. It&rsquo;s okay to take a step back when you need to.🤧<\/span><\/p><br /><p dir=\"ltr\" style=\"line-height:1.38;margin-top:0.0pt;margin-bottom:0.0pt;\"><span style=\"font-size:7.2pt;font-family:'Google Sans';color:#000000;background-color:transparent;font-weight:400;font-style:normal;font-variant:normal;text-decoration:none;vertical-align:baseline;white-space:pre;white-space:pre-wrap;\">If it&rsquo;s your career or your future stressing you out, just breathe. You don&rsquo;t have to have all the answers right now. You&rsquo;re doing your best, and that&rsquo;s enough. One step at a time is still progress, even if it doesn&rsquo;t always feel like it.<\/span><\/p><br /><p dir=\"ltr\" style=\"line-height:1.38;margin-top:0.0pt;margin-bottom:0.0pt;\"><span style=\"font-size:7.2pt;font-family:'Google Sans';color:#000000;background-color:transparent;font-weight:400;font-style:normal;font-variant:normal;text-decoration:none;vertical-align:baseline;white-space:pre;white-space:pre-wrap;\">And if it&rsquo;s your health , I&rsquo;m really hoping you&rsquo;re taking care of yourself. Please don&rsquo;t push your body too hard. Rest is important, and you&rsquo;re allowed to slow down when you need to.<\/span><\/p><br /><p dir=\"ltr\" style=\"line-height:1.38;margin-top:0.0pt;margin-bottom:0.0pt;\"><span style=\"font-size:7.2pt;font-family:'Google Sans';color:#000000;background-color:transparent;font-weight:400;font-style:normal;font-variant:normal;text-decoration:none;vertical-align:baseline;white-space:pre;white-space:pre-wrap;\">You&rsquo;re not alone in this. I&rsquo;m here. I believe in you. And I&rsquo;m proud of you...not just for what you do, but for who you are.🥺🩷<\/span><\/p><br /><p dir=\"ltr\" style=\"line-height:1.38;margin-top:0.0pt;margin-bottom:0.0pt;\"><span style=\"font-size:7.2pt;font-family:'Google Sans';color:#000000;background-color:transparent;font-weight:400;font-style:normal;font-variant:normal;text-decoration:none;vertical-align:baseline;white-space:pre;white-space:pre-wrap;\">So take a break, drink some water, maybe step outside for a bit, talk to me 🤧 You&rsquo;ll be okay. I&rsquo;ve got your back, always!! 🩷<\/span><\/p>","labels":[{"name":"Letters 💌"}]}