{"attachments":[{"filePath":"196b599ac45.9b365d450669e8fe.png","mimetype":"image/png"}],"color":"DEFAULT","isTrashed":false,"isPinned":false,"isArchived":true,"textContent":"If you\u2019re opening this, something\u2019s weighing on your heart. Maybe you\u2019re angry, maybe you're hurt\u2026 maybe I\u2019ve said or done something again that I regret. I want you to know...I\u2019m sorry. 🥺\n\nSometimes, I react too quickly. My anger gets loud, and I know it can hurt. But please believe me when I say, I never want to be the reason you feel unloved or distant.\n\nI don\u2019t always know how to manage my emotions the right way, but I\u2019m trying. I really am. You matter to me so much, and I hate the thought of causing you pain, especially when you're the one person I want to protect from it. 🤧\n\nSo, if I was harsh, if my words have hurt you I want you to remember this...I didn\u2019t mean to hurt you. You don\u2019t deserve that. And I\u2019ll always come back, not just with apologies, but with the effort to grow and be better for you\u2026 for us.🤧\n\nPlease take your time. Cool down, breathe, do what you need. I\u2019m not going anywhere.\n\nI love you 🥺🩷 even when I\u2019m angry, even when you\u2019re upset. Always. 🤧😭\n","title":"Open when you're angry or upset.","userEditedTimestampUsec":1747589375521000,"createdTimestampUsec":1746799681802000,"textContentHtml":"<p dir=\"ltr\" style=\"line-height:1.38;margin-top:0.0pt;margin-bottom:0.0pt;\"><span style=\"font-size:7.2pt;font-family:'Google Sans';color:#000000;background-color:transparent;font-weight:400;font-style:normal;font-variant:normal;text-decoration:none;vertical-align:baseline;white-space:pre;white-space:pre-wrap;\">If you&rsquo;re opening this, something&rsquo;s weighing on your heart. Maybe you&rsquo;re angry, maybe you're hurt\u2026 maybe I&rsquo;ve said or done something again that I regret. I want you to know...I&rsquo;m sorry. 🥺<\/span><\/p><br /><p dir=\"ltr\" style=\"line-height:1.38;margin-top:0.0pt;margin-bottom:0.0pt;\"><span style=\"font-size:7.2pt;font-family:'Google Sans';color:#000000;background-color:transparent;font-weight:400;font-style:normal;font-variant:normal;text-decoration:none;vertical-align:baseline;white-space:pre;white-space:pre-wrap;\">Sometimes, I react too quickly. My anger gets loud, and I know it can hurt. But please believe me when I say, I never want to be the reason you feel unloved or distant.<\/span><\/p><br /><p dir=\"ltr\" style=\"line-height:1.38;margin-top:0.0pt;margin-bottom:0.0pt;\"><span style=\"font-size:7.2pt;font-family:'Google Sans';color:#000000;background-color:transparent;font-weight:400;font-style:normal;font-variant:normal;text-decoration:none;vertical-align:baseline;white-space:pre;white-space:pre-wrap;\">I don&rsquo;t always know how to manage my emotions the right way, but I&rsquo;m trying. I really am. You matter to me so much, and I hate the thought of causing you pain, especially when you're the one person I want to protect from it. 🤧<\/span><\/p><br /><p dir=\"ltr\" style=\"line-height:1.38;margin-top:0.0pt;margin-bottom:0.0pt;\"><span style=\"font-size:7.2pt;font-family:'Google Sans';color:#000000;background-color:transparent;font-weight:400;font-style:normal;font-variant:normal;text-decoration:none;vertical-align:baseline;white-space:pre;white-space:pre-wrap;\">So, if I was harsh, if my words have hurt you I want you to remember this...I didn&rsquo;t mean to hurt you. You don&rsquo;t deserve that. And I&rsquo;ll always come back, not just with apologies, but with the effort to grow and be better for you\u2026 for us.🤧<\/span><\/p><br /><p dir=\"ltr\" style=\"line-height:1.38;margin-top:0.0pt;margin-bottom:0.0pt;\"><span style=\"font-size:7.2pt;font-family:'Google Sans';color:#000000;background-color:transparent;font-weight:400;font-style:normal;font-variant:normal;text-decoration:none;vertical-align:baseline;white-space:pre;white-space:pre-wrap;\">Please take your time. Cool down, breathe, do what you need. I&rsquo;m not going anywhere.<\/span><\/p><br /><p dir=\"ltr\" style=\"line-height:1.38;margin-top:0.0pt;margin-bottom:0.0pt;\"><span style=\"font-size:7.2pt;font-family:'Google Sans';color:#000000;background-color:transparent;font-weight:400;font-style:normal;font-variant:normal;text-decoration:none;vertical-align:baseline;white-space:pre;white-space:pre-wrap;\">I love you 🥺🩷 even when I&rsquo;m angry, even when you&rsquo;re upset. Always. 🤧😭<\/span><\/p>","labels":[{"name":"Letters 💌"}]}