{"attachments":[{"filePath":"196b5961a93.923e2b088599f9a2.png","mimetype":"image/png"}],"color":"DEFAULT","isTrashed":false,"isPinned":false,"isArchived":true,"textContent":"If you've opened this right now, I hope you know it already, but in case you're looking for a reminder, let me spell it out for you 👀\n\nLoving you isn't just a feeling. It's something my heart naturally settles into....effortless, constant, and real. 🤧\n\nThere are moments I catch myself smiling at the thought of you. Not because of something you did, but simply because you exist. Your presence, even from miles away, has this quiet magic that calms every storm inside me. 🤧\nAnd your voice? God, don\u2019t even get me started. It stays with me. Whether you're calm, excited, teasing me, or half-asleep\u2014each version of it hits differently. Like, I could recognize your mood just from the way you say hello. Sometimes I replay your voice notes just to feel closer to you. It\u2019s crazy how comforting and addictive it is at the same time. 🥺🩷😭\n\nAnd your eyes\u2014those brown eyes. There\u2019s just something about them. They\u2019re warm, intense, and honestly way too pretty for someone who has no idea what kind of effect they have on me.😭🩷\n\nSometimes I sit still, trying to grasp how someone so far away can feel closer than anyone else. Your love, your way of loving is warmer than any touch. It\u2019s the kind of love that makes me believe in soul connections, in timing, in prayers that somehow get answered just right. 🥺\n\nI love you not just for the way you make me feel, but for who you are. For how you listen. For how you care without needing a reason. For how you\u2019ve quietly become a part of every tomorrow I look forward to. 🥺🩷\n\nYou are my calm, my chaos, my comfort, my craving all wrapped in one. 😭🩷\nSo whenever you question it, make sure to read this letter and remember: \n\nYou are loved more deeply than these words can ever capture. 🩷\n\nAlways yours,\nSuvi 🥺","title":"Open when you want to know how much I love you.","userEditedTimestampUsec":1748501311155000,"createdTimestampUsec":1746799681471000,"textContentHtml":"<p dir=\"ltr\" style=\"line-height:1.38;margin-top:0.0pt;margin-bottom:0.0pt;\"><span style=\"font-size:7.2pt;font-family:'Google Sans';color:#000000;background-color:transparent;font-weight:400;font-style:normal;font-variant:normal;text-decoration:none;vertical-align:baseline;white-space:pre;white-space:pre-wrap;\">If you've opened this right now, I hope you know it already, but in case you're looking for a reminder, let me spell it out for you 👀<\/span><\/p><br /><p dir=\"ltr\" style=\"line-height:1.38;margin-top:0.0pt;margin-bottom:0.0pt;\"><span style=\"font-size:7.2pt;font-family:'Google Sans';color:#000000;background-color:transparent;font-weight:400;font-style:normal;font-variant:normal;text-decoration:none;vertical-align:baseline;white-space:pre;white-space:pre-wrap;\">Loving you isn't just a feeling. It's something my heart naturally settles into....effortless, constant, and real. 🤧<\/span><\/p><br /><p dir=\"ltr\" style=\"line-height:1.38;margin-top:0.0pt;margin-bottom:0.0pt;\"><span style=\"font-size:7.2pt;font-family:'Google Sans';color:#000000;background-color:transparent;font-weight:400;font-style:normal;font-variant:normal;text-decoration:none;vertical-align:baseline;white-space:pre;white-space:pre-wrap;\">There are moments I catch myself smiling at the thought of you. Not because of something you did, but simply because you exist. Your presence, even from miles away, has this quiet magic that calms every storm inside me. 🤧<\/span><\/p><p dir=\"ltr\" style=\"line-height:1.38;margin-top:0.0pt;margin-bottom:0.0pt;\"><span style=\"font-size:7.2pt;font-family:'Google Sans';color:#000000;background-color:transparent;font-weight:400;font-style:normal;font-variant:normal;text-decoration:none;vertical-align:baseline;white-space:pre;white-space:pre-wrap;\">And your voice? God, don&rsquo;t even get me started. It stays with me. Whether you're calm, excited, teasing me, or half-asleep\u2014each version of it hits differently. Like, I could recognize your mood just from the way you say hello. Sometimes I replay your voice notes just to feel closer to you. It&rsquo;s crazy how comforting and addictive it is at the same time. 🥺🩷😭<\/span><\/p><br /><p dir=\"ltr\" style=\"line-height:1.38;margin-top:0.0pt;margin-bottom:0.0pt;\"><span style=\"font-size:7.2pt;font-family:'Google Sans';color:#000000;background-color:transparent;font-weight:400;font-style:normal;font-variant:normal;text-decoration:none;vertical-align:baseline;white-space:pre;white-space:pre-wrap;\">And your eyes\u2014those brown eyes. There&rsquo;s just something about them. They&rsquo;re warm, intense, and honestly way too pretty for someone who has no idea what kind of effect they have on me.😭🩷<\/span><\/p><br /><p dir=\"ltr\" style=\"line-height:1.38;margin-top:0.0pt;margin-bottom:0.0pt;\"><span style=\"font-size:7.2pt;font-family:'Google Sans';color:#000000;background-color:transparent;font-weight:400;font-style:normal;font-variant:normal;text-decoration:none;vertical-align:baseline;white-space:pre;white-space:pre-wrap;\">Sometimes I sit still, trying to grasp how someone so far away can feel closer than anyone else. Your love, your way of loving is warmer than any touch. It&rsquo;s the kind of love that makes me believe in soul connections, in timing, in prayers that somehow get answered just right. 🥺<\/span><\/p><br /><p dir=\"ltr\" style=\"line-height:1.38;margin-top:0.0pt;margin-bottom:0.0pt;\"><span style=\"font-size:7.2pt;font-family:'Google Sans';color:#000000;background-color:transparent;font-weight:400;font-style:normal;font-variant:normal;text-decoration:none;vertical-align:baseline;white-space:pre;white-space:pre-wrap;\">I love you not just for the way you make me feel, but for who you are. For how you listen. For how you care without needing a reason. For how you&rsquo;ve quietly become a part of every tomorrow I look forward to. 🥺🩷<\/span><\/p><br /><p dir=\"ltr\" style=\"line-height:1.38;margin-top:0.0pt;margin-bottom:0.0pt;\"><span style=\"font-size:7.2pt;font-family:'Google Sans';color:#000000;background-color:transparent;font-weight:400;font-style:normal;font-variant:normal;text-decoration:none;vertical-align:baseline;white-space:pre;white-space:pre-wrap;\">You are my calm, my chaos, my comfort, my craving all wrapped in one. 😭🩷<\/span><\/p><p dir=\"ltr\" style=\"line-height:1.38;margin-top:0.0pt;margin-bottom:0.0pt;\"><span style=\"font-size:7.2pt;font-family:'Google Sans';color:#000000;background-color:transparent;font-weight:400;font-style:normal;font-variant:normal;text-decoration:none;vertical-align:baseline;white-space:pre;white-space:pre-wrap;\">So whenever you question it, make sure to read this letter and remember:&nbsp;<\/span><\/p><br /><p dir=\"ltr\" style=\"line-height:1.38;margin-top:0.0pt;margin-bottom:0.0pt;\"><span style=\"font-size:7.2pt;font-family:'Google Sans';color:#000000;background-color:transparent;font-weight:700;font-style:normal;font-variant:normal;text-decoration:none;vertical-align:baseline;white-space:pre;white-space:pre-wrap;\">You are loved more deeply than these words can ever capture. 🩷<\/span><\/p><br /><p dir=\"ltr\" style=\"line-height:1.38;margin-top:0.0pt;margin-bottom:0.0pt;\"><span style=\"font-size:7.2pt;font-family:'Google Sans';color:#000000;background-color:transparent;font-weight:400;font-style:normal;font-variant:normal;text-decoration:none;vertical-align:baseline;white-space:pre;white-space:pre-wrap;\">Always yours,<\/span><\/p><p dir=\"ltr\" style=\"line-height:1.38;margin-top:0.0pt;margin-bottom:0.0pt;\"><span style=\"font-size:7.2pt;font-family:'Google Sans';color:#000000;background-color:transparent;font-weight:400;font-style:normal;font-variant:normal;text-decoration:none;vertical-align:baseline;white-space:pre;white-space:pre-wrap;\">Suvi 🥺<\/span><\/p>","labels":[{"name":"Letters 💌"}]}