{"attachments":[{"filePath":"196b58ca58d.92453f0bdb18560a.png","mimetype":"image/png"}],"color":"DEFAULT","isTrashed":false,"isPinned":false,"isArchived":true,"textContent":"I hope and pray that we make it till here 🥺 And if you're here then Happy Anniversary to us. 🩷\n\nWe may not have met, may not have shared moments together in person like other couples do but we're happy in our own way, we've seen so many trials, either due to time, distance, trust issues or uncertainty still we ended up choosing each other.\n\nSometimes, I wish things were different, that I could hug you, surprise you with something simple, or just sit beside you in silence. But even without those moments, I\u2019ve felt so seen, so understood, so loved by you. And that\u2019s what matters most.\n\nOn this October 10th, I want you to know that I\u2019m incredibly grateful for you. You\u2019ve become such an essential part of my life, and I treasure every word, every conversation, every shared memory. I don\u2019t know what the future holds for us, but today, I celebrate you. I celebrate us.\n\nThank you for being together with me. I love you more than words can express. I can\u2019t wait to see what the next year of our love brings! \n\nHappy anniversary once again umzyy 🥺🩷","title":"Open when it's our anniversary.","userEditedTimestampUsec":1747464568187000,"createdTimestampUsec":1746799910724000,"textContentHtml":"<p dir=\"ltr\" style=\"line-height:1.38;margin-top:0.0pt;margin-bottom:0.0pt;\"><span style=\"font-size:7.2pt;font-family:'Google Sans';color:#000000;background-color:transparent;font-weight:400;font-style:normal;font-variant:normal;text-decoration:none;vertical-align:baseline;white-space:pre;white-space:pre-wrap;\">I hope and pray that we make it till here 🥺 And if you're here then Happy Anniversary to us. 🩷<\/span><\/p><br /><p dir=\"ltr\" style=\"line-height:1.38;margin-top:0.0pt;margin-bottom:0.0pt;\"><span style=\"font-size:7.2pt;font-family:'Google Sans';color:#000000;background-color:transparent;font-weight:400;font-style:normal;font-variant:normal;text-decoration:none;vertical-align:baseline;white-space:pre;white-space:pre-wrap;\">We may not have met, may not have shared moments together in person like other couples do but we're happy in our own way, we've seen so many trials, either due to time, distance, trust issues or uncertainty still we ended up choosing each other.<\/span><\/p><br /><p dir=\"ltr\" style=\"line-height:1.38;margin-top:0.0pt;margin-bottom:0.0pt;\"><span style=\"font-size:7.2pt;font-family:'Google Sans';color:#000000;background-color:transparent;font-weight:400;font-style:normal;font-variant:normal;text-decoration:none;vertical-align:baseline;white-space:pre;white-space:pre-wrap;\">Sometimes, I wish things were different, that I could hug you, surprise you with something simple, or just sit beside you in silence. But even without those moments, I&rsquo;ve felt so seen, so understood, so loved by you. And that&rsquo;s what matters most.<\/span><\/p><br /><p dir=\"ltr\" style=\"line-height:1.38;margin-top:0.0pt;margin-bottom:0.0pt;\"><span style=\"font-size:7.2pt;font-family:'Google Sans';color:#000000;background-color:transparent;font-weight:400;font-style:normal;font-variant:normal;text-decoration:none;vertical-align:baseline;white-space:pre;white-space:pre-wrap;\">On this October 10th, I want you to know that I&rsquo;m incredibly grateful for you. You&rsquo;ve become such an essential part of my life, and I treasure every word, every conversation, every shared memory. I don&rsquo;t know what the future holds for us, but today, I celebrate you. I celebrate us.<\/span><\/p><br /><p dir=\"ltr\" style=\"line-height:1.38;margin-top:0.0pt;margin-bottom:0.0pt;\"><span style=\"font-size:7.2pt;font-family:'Google Sans';color:#000000;background-color:transparent;font-weight:400;font-style:normal;font-variant:normal;text-decoration:none;vertical-align:baseline;white-space:pre;white-space:pre-wrap;\">Thank you for being together with me. I love you more than words can express. I can&rsquo;t wait to see what the next year of our love brings!&nbsp;<\/span><\/p><br /><p dir=\"ltr\" style=\"line-height:1.38;margin-top:0.0pt;margin-bottom:0.0pt;\"><span style=\"font-size:7.2pt;font-family:'Google Sans';color:#000000;background-color:transparent;font-weight:400;font-style:normal;font-variant:normal;text-decoration:none;vertical-align:baseline;white-space:pre;white-space:pre-wrap;\">Happy anniversary once again umzyy 🥺🩷<\/span><\/p>","labels":[{"name":"Letters 💌"}]}