{"attachments":[{"filePath":"196b5aa89ec.86cba4e5dd11a7a8.png","mimetype":"image/png"}],"color":"DEFAULT","isTrashed":false,"isPinned":false,"isArchived":true,"textContent":"I'm sorry that I made you come here, but I want you to read this when you feel that you don't want to talk to me anymore because that's when I want you to communicate the most! \nWe've had our arguments, we've also been in the verge of breaking up a lot of times but somehow we've always made up and today when you're here I want you to remind yourself of all those times when we've been happy and at peace because of each other. \n\nThink of the times when you know how happy your presence makes me, which in turn gives you happiness 🤧 And not just that, I need you to remember that how much I love you, and that is why I care and expect certain things, you should know that you matter a lot to me, and your nonchalant behaviour can hurt me, 'your suvi' (the one you wish to make the happiest) and I know you'd never want to do that, so please try to talk to me and understand my pov and I promise to behave all calm and understanding 😭","title":"Open when we're in the middle of a fight.","userEditedTimestampUsec":1747211619430000,"createdTimestampUsec":1746799909070000,"textContentHtml":"<p dir=\"ltr\" style=\"line-height:1.38;margin-top:0.0pt;margin-bottom:0.0pt;\"><span style=\"font-size:7.2pt;font-family:'Google Sans';color:#000000;background-color:transparent;font-weight:400;font-style:normal;font-variant:normal;text-decoration:none;vertical-align:baseline;white-space:pre;white-space:pre-wrap;\">I'm sorry that I made you come here, but I want you to read this when you feel that you don't want to talk to me anymore because that's when I want you to communicate the most!&nbsp;<\/span><\/p><p dir=\"ltr\" style=\"line-height:1.38;margin-top:0.0pt;margin-bottom:0.0pt;\"><span style=\"font-size:7.2pt;font-family:'Google Sans';color:#000000;background-color:transparent;font-weight:400;font-style:normal;font-variant:normal;text-decoration:none;vertical-align:baseline;white-space:pre;white-space:pre-wrap;\">We've had our arguments, we've also been in the verge of breaking up a lot of times but somehow we've always made up and today when you're here I want you to remind yourself of all those times when we've been happy and at peace because of each other.&nbsp;<\/span><\/p><br /><p dir=\"ltr\" style=\"line-height:1.38;margin-top:0.0pt;margin-bottom:0.0pt;\"><span style=\"font-size:7.2pt;font-family:'Google Sans';color:#000000;background-color:transparent;font-weight:400;font-style:normal;font-variant:normal;text-decoration:none;vertical-align:baseline;white-space:pre;white-space:pre-wrap;\">Think of the times when you know how happy your presence makes me, which in turn gives you happiness 🤧 And not just that, I need you to remember that how much I love you, and that is why I care and expect certain things, you should know that you matter a lot to me, and your nonchalant behaviour can hurt me, 'your suvi' (the one you wish to make the happiest) and I know you'd never want to do that, so please try to talk to me and understand my pov and I promise to behave all calm and understanding 😭<\/span><\/p>","labels":[{"name":"Letters 💌"}]}