{"attachments":[{"filePath":"196b59928a8.9b5fba07c870f3af.png","mimetype":"image/png"}],"color":"DEFAULT","isTrashed":false,"isPinned":false,"isArchived":true,"textContent":"If you're reading this, I know your heart is really feeling a sense of loneliness, which has made you sad! I wish so badly I could take that ache away.\nI know the distance feels especially heavy today but please remember this...you are not unloved, unseen, or forgotten. Not for a single second.🥺\n\nYou live in my thoughts all the time. I think about you in every quiet moment, every song that reminds me of you, every time I look at the moon and wonder if you're seeing it too. You are part of me now, in a way that defies logic or location.\n\nI know loneliness can make you wonder that you\u2019re alone in this, or maybe I\u2019ll drift away. But I need you to know with absolute certainty that I'm here. I'm staying. I'm loving you across every mile. 🥺🩷\n\nSo if the silence around you feels too loud tonight, close your eyes and imagine me there\u2014holding your hand, leaning my head against yours, whispering, \u201cYou\u2019ve got me. Always.\u201d 🩷\n\nYou are never truly alone, love.\nNot while I\u2019m breathing.🤧","title":"Open when you feel lonely.","userEditedTimestampUsec":1757959311488000,"createdTimestampUsec":1746799592173000,"textContentHtml":"<p dir=\"ltr\" style=\"line-height:1.38;margin-top:0.0pt;margin-bottom:0.0pt;\"><span style=\"font-size:7.2pt;font-family:'Google Sans';color:#000000;background-color:transparent;font-weight:400;font-style:normal;font-variant:normal;text-decoration:none;vertical-align:baseline;white-space:pre;white-space:pre-wrap;\">If you're reading this, I know your heart is really feeling a sense of loneliness, which has made you sad! I wish so badly I could take that ache away.<\/span><\/p><p dir=\"ltr\" style=\"line-height:1.38;margin-top:0.0pt;margin-bottom:0.0pt;\"><span style=\"font-size:7.2pt;font-family:'Google Sans';color:#000000;background-color:transparent;font-weight:400;font-style:normal;font-variant:normal;text-decoration:none;vertical-align:baseline;white-space:pre;white-space:pre-wrap;\">I know the distance feels especially heavy today but please remember this...you are not unloved, unseen, or forgotten. Not for a single second.🥺<\/span><\/p><br /><p dir=\"ltr\" style=\"line-height:1.38;margin-top:0.0pt;margin-bottom:0.0pt;\"><span style=\"font-size:7.2pt;font-family:'Google Sans';color:#000000;background-color:transparent;font-weight:400;font-style:normal;font-variant:normal;text-decoration:none;vertical-align:baseline;white-space:pre;white-space:pre-wrap;\">You live in my thoughts all the time. I think about you in every quiet moment, every song that reminds me of you, every time I look at the moon and wonder if you're seeing it too. You are part of me now, in a way that defies logic or location.<\/span><\/p><br /><p dir=\"ltr\" style=\"line-height:1.38;margin-top:0.0pt;margin-bottom:0.0pt;\"><span style=\"font-size:7.2pt;font-family:'Google Sans';color:#000000;background-color:transparent;font-weight:400;font-style:normal;font-variant:normal;text-decoration:none;vertical-align:baseline;white-space:pre;white-space:pre-wrap;\">I know loneliness can make you wonder that you&rsquo;re alone in this, or maybe I&rsquo;ll drift away. But I need you to know with absolute certainty that I'm here. I'm staying. I'm loving you across every mile. 🥺🩷<\/span><\/p><br /><p dir=\"ltr\" style=\"line-height:1.38;margin-top:0.0pt;margin-bottom:0.0pt;\"><span style=\"font-size:7.2pt;font-family:'Google Sans';color:#000000;background-color:transparent;font-weight:400;font-style:normal;font-variant:normal;text-decoration:none;vertical-align:baseline;white-space:pre;white-space:pre-wrap;\">So if the silence around you feels too loud tonight, close your eyes and imagine me there\u2014holding your hand, leaning my head against yours, whispering, &ldquo;You&rsquo;ve got me. Always.&rdquo; 🩷<\/span><\/p><br /><p dir=\"ltr\" style=\"line-height:1.38;margin-top:0.0pt;margin-bottom:0.0pt;\"><span style=\"font-size:7.2pt;font-family:'Google Sans';color:#000000;background-color:transparent;font-weight:400;font-style:normal;font-variant:normal;text-decoration:none;vertical-align:baseline;white-space:pre;white-space:pre-wrap;\">You are never truly alone, love.<\/span><\/p><p dir=\"ltr\" style=\"line-height:1.38;margin-top:0.0pt;margin-bottom:0.0pt;\"><span style=\"font-size:7.2pt;font-family:'Google Sans';color:#000000;background-color:transparent;font-weight:400;font-style:normal;font-variant:normal;text-decoration:none;vertical-align:baseline;white-space:pre;white-space:pre-wrap;\">Not while I&rsquo;m breathing.🤧<\/span><\/p>","labels":[{"name":"Letters 💌"}]}