{"color":"DEFAULT","isTrashed":false,"isPinned":false,"isArchived":true,"listContent":[{"textHtml":"<p dir=\"ltr\" style=\"line-height:1.38;margin-top:0.0pt;margin-bottom:0.0pt;\"><span style=\"font-size:7.2pt;font-family:'Google Sans';color:#000000;background-color:transparent;font-weight:400;font-style:normal;font-variant:normal;text-decoration:none;vertical-align:baseline;white-space:pre;white-space:pre-wrap;\">You expect her to understand your side when you don't even try to understand her's. <\/span><\/p>","text":"You expect her to understand your side when you don't even try to understand her's. ","isChecked":false},{"textHtml":"<p dir=\"ltr\" style=\"line-height:1.38;margin-top:0.0pt;margin-bottom:0.0pt;\"><span style=\"font-size:7.2pt;font-family:'Google Sans';color:#000000;background-color:transparent;font-weight:400;font-style:normal;font-variant:normal;text-decoration:none;vertical-align:baseline;white-space:pre;white-space:pre-wrap;\">You make her feel unheard and unloved, a lot of times that too! <\/span><\/p>","text":"You make her feel unheard and unloved, a lot of times that too! ","isChecked":false},{"textHtml":"<p dir=\"ltr\" style=\"line-height:1.38;margin-top:0.0pt;margin-bottom:0.0pt;\"><span style=\"font-size:7.2pt;font-family:'Google Sans';color:#000000;background-color:transparent;font-weight:400;font-style:normal;font-variant:normal;text-decoration:none;vertical-align:baseline;white-space:pre;white-space:pre-wrap;\">You don't express yourself when she's wants that the most. <\/span><\/p>","text":"You don't express yourself when she's wants that the most. ","isChecked":false},{"textHtml":"<p dir=\"ltr\" style=\"line-height:1.38;margin-top:0.0pt;margin-bottom:0.0pt;\"><span style=\"font-size:7.2pt;font-family:'Google Sans';color:#000000;background-color:transparent;font-weight:400;font-style:normal;font-variant:normal;text-decoration:none;vertical-align:baseline;white-space:pre;white-space:pre-wrap;\">At times you make her feel that it's just lust from your side and not love. <\/span><\/p>","text":"At times you make her feel that it's just lust from your side and not love. ","isChecked":false},{"textHtml":"<p dir=\"ltr\" style=\"line-height:1.38;margin-top:0.0pt;margin-bottom:0.0pt;\"><span style=\"font-size:7.2pt;font-family:'Google Sans';color:#000000;background-color:transparent;font-weight:400;font-style:normal;font-variant:normal;text-decoration:none;vertical-align:baseline;white-space:pre;white-space:pre-wrap;\">You expect things to go back to normal without even apologizing properly (only saying sorry doesn't count in as apology).<\/span><\/p>","text":"You expect things to go back to normal without even apologizing properly (only saying sorry doesn't count in as apology).","isChecked":false},{"textHtml":"<p dir=\"ltr\" style=\"line-height:1.38;margin-top:0.0pt;margin-bottom:0.0pt;\"><span style=\"font-size:7.2pt;font-family:'Google Sans';color:#000000;background-color:transparent;font-weight:400;font-style:normal;font-variant:normal;text-decoration:none;vertical-align:baseline;white-space:pre;white-space:pre-wrap;\">You make her feel unimportant. <\/span><\/p>","text":"You make her feel unimportant. ","isChecked":false},{"textHtml":"<p dir=\"ltr\" style=\"line-height:1.38;margin-top:0.0pt;margin-bottom:0.0pt;\"><span style=\"font-size:7.2pt;font-family:'Google Sans';color:#000000;background-color:transparent;font-weight:400;font-style:normal;font-variant:normal;text-decoration:none;vertical-align:baseline;white-space:pre;white-space:pre-wrap;\">You make her feel that she'll never be your priority.<\/span><\/p>","text":"You make her feel that she'll never be your priority.","isChecked":false},{"textHtml":"<p dir=\"ltr\" style=\"line-height:1.38;margin-top:0.0pt;margin-bottom:0.0pt;\"><span style=\"font-size:7.2pt;font-family:'Google Sans';color:#000000;background-color:transparent;font-weight:400;font-style:normal;font-variant:normal;text-decoration:none;vertical-align:baseline;white-space:pre;white-space:pre-wrap;\">The way you treat her at times, makes her feel you'd never take stand for her in the future. <\/span><\/p>","text":"The way you treat her at times, makes her feel you'd never take stand for her in the future. ","isChecked":false},{"textHtml":"<p dir=\"ltr\" style=\"line-height:1.38;margin-top:0.0pt;margin-bottom:0.0pt;\"><span style=\"font-size:7.2pt;font-family:'Google Sans';color:#000000;background-color:transparent;font-weight:400;font-style:normal;font-variant:normal;text-decoration:none;vertical-align:baseline;white-space:pre;white-space:pre-wrap;\">You don't even make an effort to make a phone call when it's needed.<\/span><\/p>","text":"You don't even make an effort to make a phone call when it's needed.","isChecked":false},{"textHtml":"<p dir=\"ltr\" style=\"line-height:1.38;margin-top:0.0pt;margin-bottom:0.0pt;\"><span style=\"font-size:7.2pt;font-family:'Google Sans';color:#000000;background-color:transparent;font-weight:400;font-style:normal;font-variant:normal;text-decoration:none;vertical-align:baseline;white-space:pre;white-space:pre-wrap;\">You make her feel that she's only loved when you're turned on, well then that's not love !! <\/span><\/p>","text":"You make her feel that she's only loved when you're turned on, well then that's not love !! ","isChecked":false},{"textHtml":"<p dir=\"ltr\" style=\"line-height:1.38;margin-top:0.0pt;margin-bottom:0.0pt;\"><span style=\"font-size:7.2pt;font-family:'Google Sans';color:#000000;background-color:transparent;font-weight:400;font-style:normal;font-variant:normal;text-decoration:none;vertical-align:baseline;white-space:pre;white-space:pre-wrap;\">You say that you love her a lot but your actions speak otherwise. <\/span><\/p>","text":"You say that you love her a lot but your actions speak otherwise. ","isChecked":false},{"textHtml":"<p dir=\"ltr\" style=\"line-height:1.38;margin-top:0.0pt;margin-bottom:0.0pt;\"><span style=\"font-size:7.2pt;font-family:'Google Sans';color:#000000;background-color:transparent;font-weight:400;font-style:normal;font-variant:normal;text-decoration:none;vertical-align:baseline;white-space:pre;white-space:pre-wrap;\">You say you'd never want to hurt her but you end up doing that always! <\/span><\/p>","text":"You say you'd never want to hurt her but you end up doing that always! ","isChecked":false},{"textHtml":"<p dir=\"ltr\" style=\"line-height:1.38;margin-top:0.0pt;margin-bottom:0.0pt;\"><span style=\"font-size:7.2pt;font-family:'Google Sans';color:#000000;background-color:transparent;font-weight:400;font-style:normal;font-variant:normal;text-decoration:none;vertical-align:baseline;white-space:pre;white-space:pre-wrap;\">You use your situation as excuses most of the times. <\/span><\/p>","text":"You use your situation as excuses most of the times. ","isChecked":false},{"textHtml":"<p dir=\"ltr\" style=\"line-height:1.38;margin-top:0.0pt;margin-bottom:0.0pt;\"><span style=\"font-size:7.2pt;font-family:'Google Sans';color:#000000;background-color:transparent;font-weight:400;font-style:normal;font-variant:normal;text-decoration:none;vertical-align:baseline;white-space:pre;white-space:pre-wrap;\">You're certainly not perfect but even when she tries seeing you that way, you give her a million reasons not to! <\/span><\/p>","text":"You're certainly not perfect but even when she tries seeing you that way, you give her a million reasons not to! ","isChecked":false},{"textHtml":"<p dir=\"ltr\" style=\"line-height:1.38;margin-top:0.0pt;margin-bottom:0.0pt;\"><span style=\"font-size:7.2pt;font-family:'Google Sans';color:#000000;background-color:transparent;font-weight:400;font-style:normal;font-variant:normal;text-decoration:none;vertical-align:baseline;white-space:pre;white-space:pre-wrap;\">There are times you make her feel that she isn't a part of your routine.<\/span><\/p>","text":"There are times you make her feel that she isn't a part of your routine.","isChecked":false},{"textHtml":"<p dir=\"ltr\" style=\"line-height:1.38;margin-top:0.0pt;margin-bottom:0.0pt;\"><span style=\"font-size:7.2pt;font-family:'Google Sans';color:#000000;background-color:transparent;font-weight:400;font-style:normal;font-variant:normal;text-decoration:none;vertical-align:baseline;white-space:pre;white-space:pre-wrap;\">You behave as if you're okay without talking to her the whole day. <\/span><\/p>","text":"You behave as if you're okay without talking to her the whole day. ","isChecked":false}],"title":"Reasons why Suvi can grow distant and you could lose her 💔","userEditedTimestampUsec":1766262068464000,"createdTimestampUsec":1748626986142000}