{"attachments":[{"filePath":"19b7549833a.8d1801a73d7f12aa.png","mimetype":"image/png"}],"color":"DEFAULT","isTrashed":false,"isPinned":false,"isArchived":false,"textContent":"Happy New Year my baby boy 🤭🩷 \nAs I look back, we've grown a lot as a couple this year, we fought we fixed we stayed. \nLast year this day I was really convinced that I don't matter much to you but as time went by I came to realise that being the first one to wish on new year doesn't really define my importance in your life, if doesn't state whether you're going to be the person who sticks around throughout the year. So this year I won't expect that from your end but yes I'm more into such things (I've made it pretty obvious by now 😶\u200d🌫️) that is why I'm writing it here! \n\nI wish and pray that God listens to your prayers, you lead an even healthier life this year, I wish and pray you get to achieve all of that you've wished for Umair. \nI pray that God keeps you safe from everything that comes in your way (even if it's me) 🥺\n\nI pray that we both grow even more in love and patience and understanding. \nI pray that we make past this year too and many more that's to come. \nI LOVE YOU UMAIR 🩷\n\nHAPPY NEW YEAR MY UMZYPIE PLUM PUDDING 🤭","title":"We enter 2026 together! ","userEditedTimestampUsec":1767200060204000,"createdTimestampUsec":1767199317774000,"textContentHtml":"<p dir=\"ltr\" style=\"line-height:1.38;margin-top:0.0pt;margin-bottom:0.0pt;\"><span style=\"font-size:7.2pt;font-family:'Google Sans';color:#000000;background-color:transparent;font-weight:400;font-style:normal;font-variant:normal;text-decoration:none;vertical-align:baseline;white-space:pre;white-space:pre-wrap;\">Happy New Year my baby boy 🤭🩷&nbsp;<\/span><\/p><p dir=\"ltr\" style=\"line-height:1.38;margin-top:0.0pt;margin-bottom:0.0pt;\"><span style=\"font-size:7.2pt;font-family:'Google Sans';color:#000000;background-color:transparent;font-weight:400;font-style:normal;font-variant:normal;text-decoration:none;vertical-align:baseline;white-space:pre;white-space:pre-wrap;\">As I look back, we've grown a lot as a couple this year, we fought we fixed we stayed.&nbsp;<\/span><\/p><p dir=\"ltr\" style=\"line-height:1.38;margin-top:0.0pt;margin-bottom:0.0pt;\"><span style=\"font-size:7.2pt;font-family:'Google Sans';color:#000000;background-color:transparent;font-weight:400;font-style:normal;font-variant:normal;text-decoration:none;vertical-align:baseline;white-space:pre;white-space:pre-wrap;\">Last year this day I was really convinced that I don't matter much to you but as time went by I came to realise that being the first one to wish on new year doesn't really define my importance in your life, if doesn't state whether you're going to be the person who sticks around throughout the year. So this year I won't expect that from your end but yes I'm more into such things (I've made it pretty obvious by now 😶\u200d🌫️) that is why I'm writing it here!&nbsp;<\/span><\/p><br /><p dir=\"ltr\" style=\"line-height:1.38;margin-top:0.0pt;margin-bottom:0.0pt;\"><span style=\"font-size:7.2pt;font-family:'Google Sans';color:#000000;background-color:transparent;font-weight:400;font-style:normal;font-variant:normal;text-decoration:none;vertical-align:baseline;white-space:pre;white-space:pre-wrap;\">I wish and pray that God listens to your prayers, you lead an even healthier life this year, I wish and pray you get to achieve all of that you've wished for Umair.&nbsp;<\/span><\/p><p dir=\"ltr\" style=\"line-height:1.38;margin-top:0.0pt;margin-bottom:0.0pt;\"><span style=\"font-size:7.2pt;font-family:'Google Sans';color:#000000;background-color:transparent;font-weight:400;font-style:normal;font-variant:normal;text-decoration:none;vertical-align:baseline;white-space:pre;white-space:pre-wrap;\">I pray that God keeps you safe from everything that comes in your way (even if it's me) 🥺<\/span><\/p><br /><p dir=\"ltr\" style=\"line-height:1.38;margin-top:0.0pt;margin-bottom:0.0pt;\"><span style=\"font-size:7.2pt;font-family:'Google Sans';color:#000000;background-color:transparent;font-weight:400;font-style:normal;font-variant:normal;text-decoration:none;vertical-align:baseline;white-space:pre;white-space:pre-wrap;\">I pray that we both grow even more in love and patience and understanding.&nbsp;<\/span><\/p><p dir=\"ltr\" style=\"line-height:1.38;margin-top:0.0pt;margin-bottom:0.0pt;\"><span style=\"font-size:7.2pt;font-family:'Google Sans';color:#000000;background-color:transparent;font-weight:400;font-style:normal;font-variant:normal;text-decoration:none;vertical-align:baseline;white-space:pre;white-space:pre-wrap;\">I pray that we make past this year too and many more that's to come.&nbsp;<\/span><\/p><p dir=\"ltr\" style=\"line-height:1.38;margin-top:0.0pt;margin-bottom:0.0pt;\"><span style=\"font-size:7.2pt;font-family:'Google Sans';color:#000000;background-color:transparent;font-weight:400;font-style:normal;font-variant:normal;text-decoration:none;vertical-align:baseline;white-space:pre;white-space:pre-wrap;\">I LOVE YOU UMAIR 🩷<\/span><\/p><br /><p dir=\"ltr\" style=\"line-height:1.38;margin-top:0.0pt;margin-bottom:0.0pt;\"><span style=\"font-size:7.2pt;font-family:'Google Sans';color:#000000;background-color:transparent;font-weight:400;font-style:normal;font-variant:normal;text-decoration:none;vertical-align:baseline;white-space:pre;white-space:pre-wrap;\">HAPPY NEW YEAR MY UMZYPIE PLUM PUDDING 🤭<\/span><\/p>"}